shots,run_id,seed,sample_id,species_true,species_pred,correct,conf_top1,n_test_run
5,0,5042,ZOE-0014-15,Amblyomma americanum,Amblyomma americanum,1,0.3011453162209642,552
5,0,5042,ZOE-0079-08,Amblyomma americanum,Amblyomma americanum,1,0.3004482740398555,552
5,0,5042,ZOE-0014-14,Amblyomma americanum,Dermacentor variabilis,0,0.3060471439270352,552
5,0,5042,ZOE-0082-01,Amblyomma americanum,Amblyomma americanum,1,0.3299003088813448,552
5,0,5042,35-02,Amblyomma americanum,Amblyomma americanum,1,0.33194729380940735,552
5,0,5042,342-02,Amblyomma americanum,Haemaphysalis longicornis,0,0.2988886777069066,552
5,0,5042,40-02,Amblyomma americanum,Amblyomma americanum,1,0.3331997327201602,552
5,0,5042,139-01,Amblyomma americanum,Amblyomma americanum,1,0.3376082803236262,552
5,0,5042,ZOE-0014-13,Amblyomma americanum,Haemaphysalis longicornis,0,0.3214801116296805,552
5,0,5042,569-01,Amblyomma americanum,Haemaphysalis longicornis,0,0.3256608705787991,552
5,0,5042,69-02,Amblyomma americanum,Amblyomma americanum,1,0.31511718413716355,552
5,0,5042,ZOE-0014-12,Amblyomma americanum,Haemaphysalis longicornis,0,0.2751933316973689,552
5,0,5042,150-01,Amblyomma americanum,Amblyomma americanum,1,0.33002160262950075,552
5,0,5042,ZOE-0014-05,Amblyomma americanum,Amblyomma americanum,1,0.29090075355765804,552
5,0,5042,311-01,Amblyomma americanum,Haemaphysalis longicornis,0,0.3200229697479953,552
5,0,5042,37-03,Amblyomma americanum,Amblyomma americanum,1,0.3240885971596991,552
5,0,5042,ZOE-0014-11,Amblyomma americanum,Dermacentor variabilis,0,0.292945091139412,552
5,0,5042,362-01,Amblyomma americanum,Haemaphysalis longicornis,0,0.33190322279283535,552
5,0,5042,465-01,Amblyomma americanum,Amblyomma americanum,1,0.2757147155226346,552
5,0,5042,50-01,Amblyomma americanum,Amblyomma americanum,1,0.3098771372331348,552
5,0,5042,252-01,Amblyomma americanum,Haemaphysalis longicornis,0,0.31948409843519937,552
5,0,5042,19-01,Amblyomma americanum,Amblyomma americanum,1,0.3212939722814322,552
5,0,5042,ZOE-0014-02,Amblyomma americanum,Amblyomma americanum,1,0.3183290779909728,552
5,0,5042,342-01,Amblyomma americanum,Amblyomma americanum,1,0.29000585938638673,552
5,0,5042,337-01,Amblyomma americanum,Amblyomma americanum,1,0.29642893581196994,552
5,0,5042,491-01,Amblyomma americanum,Amblyomma americanum,1,0.3162650695960903,552
5,0,5042,428-01,Amblyomma americanum,Dermacentor variabilis,0,0.36001554739340463,552
5,0,5042,528-01,Amblyomma americanum,Haemaphysalis longicornis,0,0.3128672920295015,552
5,0,5042,61-02,Amblyomma americanum,Amblyomma americanum,1,0.32169739716920753,552
5,0,5042,50-02,Amblyomma americanum,Amblyomma americanum,1,0.3259441125884531,552
5,0,5042,43-15,Amblyomma americanum,Amblyomma americanum,1,0.3335552784841388,552
5,0,5042,ZOE-0014-01,Amblyomma americanum,Dermacentor variabilis,0,0.30217089697552635,552
5,0,5042,56-06,Amblyomma americanum,Amblyomma americanum,1,0.31782110523927437,552
5,0,5042,501-01,Amblyomma americanum,Ixodes scapularis,0,0.32421072956992625,552
5,0,5042,ZOE-0014-20,Amblyomma americanum,Dermacentor variabilis,0,0.3518777482541911,552
5,0,5042,43-11,Amblyomma americanum,Amblyomma americanum,1,0.3259435964424383,552
5,0,5042,31-02,Amblyomma americanum,Amblyomma americanum,1,0.3228568596769687,552
5,0,5042,39-01,Amblyomma americanum,Amblyomma americanum,1,0.32411331984149955,552
5,0,5042,61-01,Amblyomma americanum,Amblyomma americanum,1,0.3342916141884161,552
5,0,5042,56-02,Amblyomma americanum,Amblyomma americanum,1,0.322589474699436,552
5,0,5042,288-01,Amblyomma americanum,Amblyomma americanum,1,0.31876933228394316,552
5,0,5042,ZOE-0079-05,Amblyomma americanum,Amblyomma americanum,1,0.3426578679254899,552
5,0,5042,35-01,Amblyomma americanum,Amblyomma americanum,1,0.3270068710256915,552
5,0,5042,43-16,Amblyomma americanum,Amblyomma americanum,1,0.3362139257813966,552
5,0,5042,ZOE-0014-18,Amblyomma americanum,Amblyomma americanum,1,0.31887514770227304,552
5,0,5042,34-01,Amblyomma americanum,Amblyomma americanum,1,0.3338132583089751,552
5,0,5042,376-01,Amblyomma americanum,Amblyomma americanum,1,0.33452584936196583,552
5,0,5042,ZOE-0014-09,Amblyomma americanum,Amblyomma americanum,1,0.3154816145127476,552
5,0,5042,234-01,Amblyomma americanum,Haemaphysalis longicornis,0,0.32971972715986186,552
5,0,5042,363-01,Amblyomma americanum,Haemaphysalis longicornis,0,0.3085764916173345,552
5,0,5042,42-01,Amblyomma americanum,Amblyomma americanum,1,0.3330350810204965,552
5,0,5042,56-04,Amblyomma americanum,Haemaphysalis longicornis,0,0.3265381489604451,552
5,0,5042,40-01,Amblyomma americanum,Amblyomma americanum,1,0.3368456260184784,552
5,0,5042,405-01,Amblyomma americanum,Haemaphysalis longicornis,0,0.36463611000105745,552
5,0,5042,201-01,Amblyomma americanum,Haemaphysalis longicornis,0,0.33085674913585106,552
5,0,5042,67-02,Amblyomma americanum,Haemaphysalis longicornis,0,0.35097795951414024,552
5,0,5042,ZOE-0079-07,Amblyomma americanum,Amblyomma americanum,1,0.33269456038054224,552
5,0,5042,19-02,Amblyomma americanum,Amblyomma americanum,1,0.33115386202988417,552
5,0,5042,31-01,Amblyomma americanum,Amblyomma americanum,1,0.34589455817138276,552
5,0,5042,427-01,Amblyomma americanum,Haemaphysalis longicornis,0,0.2973295233081907,552
5,0,5042,57-01,Amblyomma americanum,Haemaphysalis longicornis,0,0.32325701554117175,552
5,0,5042,110-01,Amblyomma americanum,Haemaphysalis longicornis,0,0.32196732570999265,552
5,0,5042,43-12,Amblyomma americanum,Amblyomma americanum,1,0.3318238065618533,552
5,0,5042,ZOE-0014-03,Amblyomma americanum,Haemaphysalis longicornis,0,0.28743697796369727,552
5,0,5042,61-03,Amblyomma americanum,Amblyomma americanum,1,0.3334064941058806,552
5,0,5042,56-01,Amblyomma americanum,Haemaphysalis longicornis,0,0.3329630673310266,552
5,0,5042,241-01,Amblyomma americanum,Haemaphysalis longicornis,0,0.3043566018086547,552
5,0,5042,ZOE-0079-09,Amblyomma americanum,Amblyomma americanum,1,0.30910739000144843,552
5,0,5042,419-01,Amblyomma americanum,Haemaphysalis longicornis,0,0.3251385939514831,552
5,0,5042,69-01,Amblyomma americanum,Amblyomma americanum,1,0.3316402577874614,552
5,0,5042,50-03,Amblyomma americanum,Amblyomma americanum,1,0.3294297802942489,552
5,0,5042,195-01,Amblyomma americanum,Haemaphysalis longicornis,0,0.3234429970195156,552
5,0,5042,31-03,Amblyomma americanum,Haemaphysalis longicornis,0,0.3291482746788078,552
5,0,5042,ZOE-0079-04,Amblyomma americanum,Amblyomma americanum,1,0.3217163688189076,552
5,0,5042,414-01,Amblyomma americanum,Amblyomma americanum,1,0.3467503997222707,552
5,0,5042,143-01,Amblyomma americanum,Amblyomma americanum,1,0.3185492726578966,552
5,0,5042,276-01,Amblyomma americanum,Amblyomma americanum,1,0.33800968802021003,552
5,0,5042,37-01,Amblyomma americanum,Amblyomma americanum,1,0.35649360167870475,552
5,0,5042,ZOE-0013-02,Amblyomma americanum,Amblyomma americanum,1,0.3052651692416695,552
5,0,5042,48-01,Amblyomma americanum,Amblyomma americanum,1,0.33257743118678185,552
5,0,5042,ZOE-0014-17,Amblyomma americanum,Amblyomma americanum,1,0.29956365195150786,552
5,0,5042,ZOE-0079-06,Amblyomma americanum,Amblyomma americanum,1,0.3341138089297736,552
5,0,5042,ZOE-0014-08,Amblyomma americanum,Haemaphysalis longicornis,0,0.2951296707569801,552
5,0,5042,56-05,Amblyomma americanum,Amblyomma americanum,1,0.3085844932445604,552
5,0,5042,191-01,Amblyomma americanum,Amblyomma americanum,1,0.2866172206695249,552
5,0,5042,ZOE-0091-01,Dermacentor variabilis,Haemaphysalis longicornis,0,0.32537238537330265,552
5,0,5042,409-01,Dermacentor variabilis,Haemaphysalis longicornis,0,0.28034597872310957,552
5,0,5042,555-01,Dermacentor variabilis,Dermacentor variabilis,1,0.5648356274867234,552
5,0,5042,215-01,Dermacentor variabilis,Haemaphysalis longicornis,0,0.3069739054405187,552
5,0,5042,ZOE-0016-02,Dermacentor variabilis,Haemaphysalis longicornis,0,0.31756919372468895,552
5,0,5042,193-01,Dermacentor variabilis,Dermacentor variabilis,1,0.5328845220699282,552
5,0,5042,287-01,Dermacentor variabilis,Dermacentor variabilis,1,0.5347581187750051,552
5,0,5042,425-01,Dermacentor variabilis,Dermacentor variabilis,1,0.5785181017302404,552
5,0,5042,ZOE-0089-04,Dermacentor variabilis,Dermacentor variabilis,1,0.5291689740894332,552
5,0,5042,435-01,Dermacentor variabilis,Dermacentor variabilis,1,0.5714939501079949,552
5,0,5042,303-01,Dermacentor variabilis,Dermacentor variabilis,1,0.5221841063175333,552
5,0,5042,452-01,Dermacentor variabilis,Dermacentor variabilis,1,0.5134953921410649,552
5,0,5042,172-01,Dermacentor variabilis,Haemaphysalis longicornis,0,0.3252985118812085,552
5,0,5042,225-02,Dermacentor variabilis,Dermacentor variabilis,1,0.44634322693922013,552
5,0,5042,149-01,Dermacentor variabilis,Haemaphysalis longicornis,0,0.324231061755386,552
5,0,5042,159-01,Dermacentor variabilis,Dermacentor variabilis,1,0.5235530389797612,552
5,0,5042,70-01,Dermacentor variabilis,Dermacentor variabilis,1,0.3598962119217061,552
5,0,5042,164-01,Dermacentor variabilis,Dermacentor variabilis,1,0.5072638166508799,552
5,0,5042,499-01,Dermacentor variabilis,Dermacentor variabilis,1,0.5161636665385271,552
5,0,5042,461-01,Dermacentor variabilis,Dermacentor variabilis,1,0.5700406821198207,552
5,0,5042,208-01,Dermacentor variabilis,Dermacentor variabilis,1,0.5286358552379334,552
5,0,5042,438-02,Dermacentor variabilis,Dermacentor variabilis,1,0.5269220550144735,552
5,0,5042,66-07,Dermacentor variabilis,Dermacentor variabilis,1,0.2864570073510458,552
5,0,5042,66-05,Dermacentor variabilis,Dermacentor variabilis,1,0.3975010129631012,552
5,0,5042,46-02,Dermacentor variabilis,Dermacentor variabilis,1,0.43385171352768265,552
5,0,5042,226-01,Dermacentor variabilis,Dermacentor variabilis,1,0.43424107628552794,552
5,0,5042,ZOE-0096-01,Dermacentor variabilis,Haemaphysalis longicornis,0,0.2910865896702291,552
5,0,5042,353-01,Dermacentor variabilis,Dermacentor variabilis,1,0.4719723420379979,552
5,0,5042,ZOE-0079-10,Dermacentor variabilis,Dermacentor variabilis,1,0.5160940453024827,552
5,0,5042,46-01,Dermacentor variabilis,Dermacentor variabilis,1,0.42904705292894235,552
5,0,5042,ZOE-0096-07,Dermacentor variabilis,Dermacentor variabilis,1,0.46184797955124224,552
5,0,5042,135-01,Dermacentor variabilis,Dermacentor variabilis,1,0.3921286650998365,552
5,0,5042,308-01,Dermacentor variabilis,Dermacentor variabilis,1,0.43712812348517904,552
5,0,5042,117-01,Dermacentor variabilis,Dermacentor variabilis,1,0.42438564874730134,552
5,0,5042,192-01,Dermacentor variabilis,Dermacentor variabilis,1,0.5308232204173008,552
5,0,5042,508-01,Dermacentor variabilis,Dermacentor variabilis,1,0.5464110132706154,552
5,0,5042,196-01,Dermacentor variabilis,Dermacentor variabilis,1,0.5618440186550898,552
5,0,5042,248-01,Dermacentor variabilis,Dermacentor variabilis,1,0.5251508543574286,552
5,0,5042,260-01,Dermacentor variabilis,Dermacentor variabilis,1,0.5181241101704809,552
5,0,5042,GLN-0087-03,Dermacentor variabilis,Dermacentor variabilis,1,0.4523417791384648,552
5,0,5042,107-02,Dermacentor variabilis,Dermacentor variabilis,1,0.5460335202214879,552
5,0,5042,407-01,Dermacentor variabilis,Haemaphysalis longicornis,0,0.27504840442014394,552
5,0,5042,ZOE-0095-02,Dermacentor variabilis,Dermacentor variabilis,1,0.5394855104195573,552
5,0,5042,206-01,Dermacentor variabilis,Dermacentor variabilis,1,0.5360613373480142,552
5,0,5042,402-01,Dermacentor variabilis,Dermacentor variabilis,1,0.5362542376100173,552
5,0,5042,ZOE-0084-01,Dermacentor variabilis,Dermacentor variabilis,1,0.5466934374766199,552
5,0,5042,439-01,Dermacentor variabilis,Dermacentor variabilis,1,0.5348155907691073,552
5,0,5042,66-02,Dermacentor variabilis,Dermacentor variabilis,1,0.37517416366936523,552
5,0,5042,494-01,Dermacentor variabilis,Dermacentor variabilis,1,0.5660879338255134,552
5,0,5042,ZOE-0084-02,Dermacentor variabilis,Dermacentor variabilis,1,0.6014950173904375,552
5,0,5042,190-01,Dermacentor variabilis,Dermacentor variabilis,1,0.487740004258981,552
5,0,5042,137-01,Dermacentor variabilis,Dermacentor variabilis,1,0.39683982346422697,552
5,0,5042,119-01,Dermacentor variabilis,Dermacentor variabilis,1,0.5083603344213683,552
5,0,5042,37-07,Dermacentor variabilis,Dermacentor variabilis,1,0.30309565017994483,552
5,0,5042,54-09,Dermacentor variabilis,Dermacentor variabilis,1,0.4201904104309891,552
5,0,5042,138-01,Dermacentor variabilis,Dermacentor variabilis,1,0.5081663444830254,552
5,0,5042,534-01,Dermacentor variabilis,Ixodes scapularis,0,0.2980876484430163,552
5,0,5042,189-01,Dermacentor variabilis,Dermacentor variabilis,1,0.5227471448607669,552
5,0,5042,434-01,Dermacentor variabilis,Dermacentor variabilis,1,0.30601115830352615,552
5,0,5042,210-01,Dermacentor variabilis,Dermacentor variabilis,1,0.5523164371937972,552
5,0,5042,209-01,Dermacentor variabilis,Dermacentor variabilis,1,0.5029100599055658,552
5,0,5042,184-01,Dermacentor variabilis,Dermacentor variabilis,1,0.5550768883334286,552
5,0,5042,197-01,Dermacentor variabilis,Dermacentor variabilis,1,0.512667669973242,552
5,0,5042,54-04,Dermacentor variabilis,Dermacentor variabilis,1,0.4013936793988946,552
5,0,5042,513-01,Dermacentor variabilis,Dermacentor variabilis,1,0.4316388081782602,552
5,0,5042,429-01,Dermacentor variabilis,Dermacentor variabilis,1,0.5714939501079949,552
5,0,5042,ZOE-0096-04,Dermacentor variabilis,Dermacentor variabilis,1,0.5416651908962516,552
5,0,5042,321-01,Dermacentor variabilis,Dermacentor variabilis,1,0.41949011753718723,552
5,0,5042,179-02,Dermacentor variabilis,Dermacentor variabilis,1,0.5520760940945884,552
5,0,5042,140-01,Dermacentor variabilis,Dermacentor variabilis,1,0.5128642495455453,552
5,0,5042,66-08,Dermacentor variabilis,Dermacentor variabilis,1,0.2778001963010049,552
5,0,5042,43-05,Dermacentor variabilis,Dermacentor variabilis,1,0.3372755996734453,552
5,0,5042,144-01,Dermacentor variabilis,Dermacentor variabilis,1,0.48265244871061924,552
5,0,5042,ZOE-0082-04,Dermacentor variabilis,Dermacentor variabilis,1,0.47858594190237136,552
5,0,5042,GLN-0087-01,Dermacentor variabilis,Dermacentor variabilis,1,0.5479563683086078,552
5,0,5042,200-01,Dermacentor variabilis,Dermacentor variabilis,1,0.547087045662368,552
5,0,5042,ZOE-0090-01,Dermacentor variabilis,Dermacentor variabilis,1,0.4229069470161469,552
5,0,5042,ZOE-0082-03,Dermacentor variabilis,Dermacentor variabilis,1,0.5793089699598791,552
5,0,5042,279-01,Dermacentor variabilis,Dermacentor variabilis,1,0.565676689775975,552
5,0,5042,ZOE-0088-02,Dermacentor variabilis,Dermacentor variabilis,1,0.5420954283231099,552
5,0,5042,ZOE-0078-02,Dermacentor variabilis,Dermacentor variabilis,1,0.5228723637172156,552
5,0,5042,486-01,Dermacentor variabilis,Dermacentor variabilis,1,0.4875496670742202,552
5,0,5042,214-01,Dermacentor variabilis,Dermacentor variabilis,1,0.5403563314107551,552
5,0,5042,199-01,Dermacentor variabilis,Dermacentor variabilis,1,0.49957082815541587,552
5,0,5042,154-01,Dermacentor variabilis,Dermacentor variabilis,1,0.5234878634060129,552
5,0,5042,ZOE-0083-01,Dermacentor variabilis,Dermacentor variabilis,1,0.5576489588877337,552
5,0,5042,ZOE-0021-03,Dermacentor variabilis,Haemaphysalis longicornis,0,0.3041701115083808,552
5,0,5042,310-01,Dermacentor variabilis,Haemaphysalis longicornis,0,0.2843392408148858,552
5,0,5042,ZOE-0020-02,Dermacentor variabilis,Haemaphysalis longicornis,0,0.2968588757055263,552
5,0,5042,265-01,Dermacentor variabilis,Dermacentor variabilis,1,0.5307719099795227,552
5,0,5042,ZOE-0100-01,Dermacentor variabilis,Dermacentor variabilis,1,0.5366842720576587,552
5,0,5042,537-01,Dermacentor variabilis,Dermacentor variabilis,1,0.5330743357962192,552
5,0,5042,526-01,Dermacentor variabilis,Dermacentor variabilis,1,0.49550146797478895,552
5,0,5042,351-01,Dermacentor variabilis,Dermacentor variabilis,1,0.5465655639801187,552
5,0,5042,566-02,Dermacentor variabilis,Dermacentor variabilis,1,0.5375371896876032,552
5,0,5042,GLN-0087-02,Dermacentor variabilis,Dermacentor variabilis,1,0.4929180446563602,552
5,0,5042,ZOE-0097-01,Dermacentor variabilis,Haemaphysalis longicornis,0,0.3637054573964519,552
5,0,5042,ZOE-0088-01,Dermacentor variabilis,Dermacentor variabilis,1,0.5450568953459655,552
5,0,5042,ZOE-0090-02,Dermacentor variabilis,Dermacentor variabilis,1,0.45171780835826875,552
5,0,5042,207-01,Dermacentor variabilis,Dermacentor variabilis,1,0.43909643453354663,552
5,0,5042,66-06,Dermacentor variabilis,Dermacentor variabilis,1,0.3749716160399301,552
5,0,5042,30-02,Dermacentor variabilis,Dermacentor variabilis,1,0.33739967311660285,552
5,0,5042,ZOE-0090-03,Dermacentor variabilis,Dermacentor variabilis,1,0.5302343197891739,552
5,0,5042,166-02,Dermacentor variabilis,Dermacentor variabilis,1,0.47770833682983854,552
5,0,5042,443-01,Dermacentor variabilis,Dermacentor variabilis,1,0.5421727600688371,552
5,0,5042,224-01,Dermacentor variabilis,Haemaphysalis longicornis,0,0.26299397230585997,552
5,0,5042,ZOE-0082-02,Dermacentor variabilis,Dermacentor variabilis,1,0.5566363467352043,552
5,0,5042,132-01,Dermacentor variabilis,Dermacentor variabilis,1,0.4574891049291481,552
5,0,5042,ZOE-0084-04,Dermacentor variabilis,Dermacentor variabilis,1,0.5116007902578098,552
5,0,5042,30-01,Dermacentor variabilis,Dermacentor variabilis,1,0.31195578997222784,552
5,0,5042,115-01,Dermacentor variabilis,Dermacentor variabilis,1,0.48055487950710557,552
5,0,5042,20-01,Dermacentor variabilis,Amblyomma americanum,0,0.2945300861369841,552
5,0,5042,63-01,Dermacentor variabilis,Dermacentor variabilis,1,0.3097240421564507,552
5,0,5042,262-01,Dermacentor variabilis,Dermacentor variabilis,1,0.5401580078015251,552
5,0,5042,312-01,Dermacentor variabilis,Dermacentor variabilis,1,0.5163562186588438,552
5,0,5042,560-01,Dermacentor variabilis,Haemaphysalis longicornis,0,0.32048199364173513,552
5,0,5042,ZOE-0082-07,Dermacentor variabilis,Haemaphysalis longicornis,0,0.3351277297535409,552
5,0,5042,66-03,Dermacentor variabilis,Dermacentor variabilis,1,0.3879859280215411,552
5,0,5042,46-03,Dermacentor variabilis,Dermacentor variabilis,1,0.4352872731549952,552
5,0,5042,256-01,Dermacentor variabilis,Dermacentor variabilis,1,0.5063417721896166,552
5,0,5042,54-02,Dermacentor variabilis,Dermacentor variabilis,1,0.45339774742985395,552
5,0,5042,37-06,Dermacentor variabilis,Amblyomma americanum,0,0.26574934562412716,552
5,0,5042,295-01,Dermacentor variabilis,Dermacentor variabilis,1,0.5275960729063381,552
5,0,5042,522-01,Dermacentor variabilis,Dermacentor variabilis,1,0.5631245424664915,552
5,0,5042,332-01,Dermacentor variabilis,Dermacentor variabilis,1,0.44816291433848626,552
5,0,5042,331-01,Dermacentor variabilis,Dermacentor variabilis,1,0.39889871330311516,552
5,0,5042,66-01,Dermacentor variabilis,Dermacentor variabilis,1,0.30348438911622916,552
5,0,5042,145-01,Dermacentor variabilis,Dermacentor variabilis,1,0.5428588050113066,552
5,0,5042,43-01,Dermacentor variabilis,Amblyomma americanum,0,0.3044745317791899,552
5,0,5042,ZOE-0084-06,Dermacentor variabilis,Dermacentor variabilis,1,0.5598593892317498,552
5,0,5042,347-01,Dermacentor variabilis,Dermacentor variabilis,1,0.47733095885881965,552
5,0,5042,56-03,Dermacentor variabilis,Dermacentor variabilis,1,0.39438362203743826,552
5,0,5042,54-03,Dermacentor variabilis,Dermacentor variabilis,1,0.5075581439831447,552
5,0,5042,46-04,Dermacentor variabilis,Dermacentor variabilis,1,0.42810490282903985,552
5,0,5042,194-01,Dermacentor variabilis,Dermacentor variabilis,1,0.4828789848861817,552
5,0,5042,235-01,Dermacentor variabilis,Dermacentor variabilis,1,0.5406678487031336,552
5,0,5042,523-01,Dermacentor variabilis,Dermacentor variabilis,1,0.5504670979587037,552
5,0,5042,ZOE-0079-01,Dermacentor variabilis,Dermacentor variabilis,1,0.47025490870156994,552
5,0,5042,37-05,Dermacentor variabilis,Amblyomma americanum,0,0.2988395813957077,552
5,0,5042,128-01,Dermacentor variabilis,Dermacentor variabilis,1,0.5323023576784386,552
5,0,5042,142-01,Dermacentor variabilis,Dermacentor variabilis,1,0.5378941869912659,552
5,0,5042,328-01,Dermacentor variabilis,Dermacentor variabilis,1,0.4543684892242586,552
5,0,5042,225-01,Dermacentor variabilis,Dermacentor variabilis,1,0.4833830944222368,552
5,0,5042,240-01,Dermacentor variabilis,Dermacentor variabilis,1,0.47390586608492574,552
5,0,5042,ZOE-0084-05,Dermacentor variabilis,Dermacentor variabilis,1,0.4558010749263786,552
5,0,5042,152-01,Dermacentor variabilis,Dermacentor variabilis,1,0.547061676194813,552
5,0,5042,ZOE-0021-01,Dermacentor variabilis,Haemaphysalis longicornis,0,0.3191556731169104,552
5,0,5042,131-01,Dermacentor variabilis,Dermacentor variabilis,1,0.47429974187231255,552
5,0,5042,566-01,Dermacentor variabilis,Dermacentor variabilis,1,0.5257149208697527,552
5,0,5042,169-01,Dermacentor variabilis,Dermacentor variabilis,1,0.5406370872599485,552
5,0,5042,ZOE-0045-02,Dermacentor variabilis,Dermacentor variabilis,1,0.32889353736116295,552
5,0,5042,413-01,Dermacentor variabilis,Dermacentor variabilis,1,0.43496851300234474,552
5,0,5042,522-02,Dermacentor variabilis,Dermacentor variabilis,1,0.539292726715423,552
5,0,5042,317-01,Dermacentor variabilis,Dermacentor variabilis,1,0.5500489217654563,552
5,0,5042,450-01,Dermacentor variabilis,Dermacentor variabilis,1,0.5404349845486215,552
5,0,5042,487-01,Dermacentor variabilis,Dermacentor variabilis,1,0.5472540714035221,552
5,0,5042,167-01,Dermacentor variabilis,Dermacentor variabilis,1,0.30343829509921416,552
5,0,5042,515-01,Dermacentor variabilis,Dermacentor variabilis,1,0.5490739592240643,552
5,0,5042,536-01,Dermacentor variabilis,Dermacentor variabilis,1,0.5197372013778031,552
5,0,5042,ZOE-0089-06,Dermacentor variabilis,Dermacentor variabilis,1,0.5204202742839787,552
5,0,5042,ZOE-0090-04,Dermacentor variabilis,Dermacentor variabilis,1,0.30065252876466947,552
5,0,5042,ZOE-0077-01,Dermacentor variabilis,Dermacentor variabilis,1,0.5436968286172053,552
5,0,5042,185-01,Dermacentor variabilis,Dermacentor variabilis,1,0.4877440691753066,552
5,0,5042,292-01,Dermacentor variabilis,Dermacentor variabilis,1,0.5573894100859818,552
5,0,5042,324-01,Dermacentor variabilis,Haemaphysalis longicornis,0,0.3038930016775018,552
5,0,5042,107-01,Dermacentor variabilis,Dermacentor variabilis,1,0.5026106376863932,552
5,0,5042,ZOE-0021-02,Dermacentor variabilis,Dermacentor variabilis,1,0.5102191328004884,552
5,0,5042,506-01,Dermacentor variabilis,Dermacentor variabilis,1,0.5899513577187376,552
5,0,5042,352-01,Dermacentor variabilis,Dermacentor variabilis,1,0.45037512371911953,552
5,0,5042,532-01,Dermacentor variabilis,Dermacentor variabilis,1,0.4998673605138778,552
5,0,5042,444-01,Dermacentor variabilis,Dermacentor variabilis,1,0.5439819578813779,552
5,0,5042,496-01,Dermacentor variabilis,Dermacentor variabilis,1,0.5529198102974764,552
5,0,5042,448-01,Dermacentor variabilis,Dermacentor variabilis,1,0.5527892897503026,552
5,0,5042,123-01,Dermacentor variabilis,Dermacentor variabilis,1,0.5521971635902514,552
5,0,5042,36-01,Dermacentor variabilis,Amblyomma americanum,0,0.3045281103079419,552
5,0,5042,158-01,Dermacentor variabilis,Dermacentor variabilis,1,0.4945392906776025,552
5,0,5042,306-01,Dermacentor variabilis,Dermacentor variabilis,1,0.4978472965054376,552
5,0,5042,519-01,Dermacentor variabilis,Dermacentor variabilis,1,0.5653073194767212,552
5,0,5042,43-09,Dermacentor variabilis,Dermacentor variabilis,1,0.3263754330948039,552
5,0,5042,148-01,Dermacentor variabilis,Dermacentor variabilis,1,0.5294401465640364,552
5,0,5042,43-04,Dermacentor variabilis,Amblyomma americanum,0,0.27380445564874706,552
5,0,5042,171-01,Dermacentor variabilis,Dermacentor variabilis,1,0.5710878459294821,552
5,0,5042,34-02,Dermacentor variabilis,Dermacentor variabilis,1,0.3613584440356215,552
5,0,5042,ZOE-0101-01,Dermacentor variabilis,Dermacentor variabilis,1,0.5851004275381998,552
5,0,5042,430-01,Dermacentor variabilis,Dermacentor variabilis,1,0.49982279471603286,552
5,0,5042,162-01,Dermacentor variabilis,Dermacentor variabilis,1,0.5657542979338888,552
5,0,5042,ZOE-0091-02,Dermacentor variabilis,Dermacentor variabilis,1,0.5071071903451592,552
5,0,5042,ZOE-0095-01,Dermacentor variabilis,Dermacentor variabilis,1,0.5432071218230006,552
5,0,5042,508-02,Dermacentor variabilis,Dermacentor variabilis,1,0.5702272596922365,552
5,0,5042,ZOE-0100-04,Dermacentor variabilis,Dermacentor variabilis,1,0.5638210817898908,552
5,0,5042,ZOE-0095-03,Dermacentor variabilis,Dermacentor variabilis,1,0.54598584716277,552
5,0,5042,ZOE-0095-04,Dermacentor variabilis,Dermacentor variabilis,1,0.41691976508225614,552
5,0,5042,556-01,Dermacentor variabilis,Dermacentor variabilis,1,0.5556437094292073,552
5,0,5042,ZOE-0014-16,Dermacentor variabilis,Dermacentor variabilis,1,0.5439523351707719,552
5,0,5042,166-01,Dermacentor variabilis,Dermacentor variabilis,1,0.501628783494152,552
5,0,5042,97-01,Dermacentor variabilis,Dermacentor variabilis,1,0.39004975480420284,552
5,0,5042,129-01,Dermacentor variabilis,Dermacentor variabilis,1,0.5146194186821816,552
5,0,5042,550-01,Dermacentor variabilis,Dermacentor variabilis,1,0.5164114595532882,552
5,0,5042,22-01,Dermacentor variabilis,Dermacentor variabilis,1,0.29656233939154764,552
5,0,5042,ZOE-0078-03,Dermacentor variabilis,Dermacentor variabilis,1,0.4785582157446376,552
5,0,5042,473-02,Dermacentor variabilis,Dermacentor variabilis,1,0.5738393062292716,552
5,0,5042,238-01,Dermacentor variabilis,Dermacentor variabilis,1,0.5528078240106721,552
5,0,5042,360-01,Dermacentor variabilis,Dermacentor variabilis,1,0.49990075755280117,552
5,0,5042,147-01,Dermacentor variabilis,Dermacentor variabilis,1,0.5267752990180913,552
5,0,5042,54-11,Dermacentor variabilis,Dermacentor variabilis,1,0.42019527770570597,552
5,0,5042,359-01,Dermacentor variabilis,Dermacentor variabilis,1,0.47552475390520466,552
5,0,5042,24-01,Dermacentor variabilis,Haemaphysalis longicornis,0,0.2831883582651366,552
5,0,5042,329-01,Dermacentor variabilis,Dermacentor variabilis,1,0.3963315450286615,552
5,0,5042,531-01,Dermacentor variabilis,Haemaphysalis longicornis,0,0.2838419515520353,552
5,0,5042,ZOE-0090-05,Dermacentor variabilis,Dermacentor variabilis,1,0.4484416442475252,552
5,0,5042,179-01,Dermacentor variabilis,Dermacentor variabilis,1,0.5107837069312734,552
5,0,5042,483-01,Dermacentor variabilis,Dermacentor variabilis,1,0.4715962088487295,552
5,0,5042,538-01,Dermacentor variabilis,Dermacentor variabilis,1,0.5099973053256226,552
5,0,5042,ZOE-0089-01,Dermacentor variabilis,Dermacentor variabilis,1,0.5507467805259266,552
5,0,5042,372-01,Dermacentor variabilis,Dermacentor variabilis,1,0.5608677292823063,552
5,0,5042,546-01,Dermacentor variabilis,Dermacentor variabilis,1,0.5063425891193468,552
5,0,5042,176-01,Dermacentor variabilis,Dermacentor variabilis,1,0.322046111585868,552
5,0,5042,277-01,Dermacentor variabilis,Dermacentor variabilis,1,0.5201517248791547,552
5,0,5042,GLN-0087-04,Dermacentor variabilis,Dermacentor variabilis,1,0.4992711659294024,552
5,0,5042,322-01,Dermacentor variabilis,Dermacentor variabilis,1,0.4569302100403439,552
5,0,5042,361-01,Dermacentor variabilis,Haemaphysalis longicornis,0,0.3158543646689979,552
5,0,5042,ZOE-0100-03,Dermacentor variabilis,Dermacentor variabilis,1,0.3721739705110444,552
5,0,5042,218-01,Dermacentor variabilis,Haemaphysalis longicornis,0,0.31530481344528827,552
5,0,5042,54-08,Dermacentor variabilis,Dermacentor variabilis,1,0.3774785448930972,552
5,0,5042,509-01,Dermacentor variabilis,Dermacentor variabilis,1,0.5695797484802895,552
5,0,5042,261-01,Dermacentor variabilis,Haemaphysalis longicornis,0,0.31503035550602704,552
5,0,5042,470-01,Dermacentor variabilis,Dermacentor variabilis,1,0.4856706426762231,552
5,0,5042,133-02,Dermacentor variabilis,Dermacentor variabilis,1,0.2660015424192004,552
5,0,5042,188-01,Dermacentor variabilis,Dermacentor variabilis,1,0.4455849574676564,552
5,0,5042,116-01,Dermacentor variabilis,Dermacentor variabilis,1,0.4757030917364627,552
5,0,5042,445-01,Dermacentor variabilis,Dermacentor variabilis,1,0.580649081613265,552
5,0,5042,442-01,Dermacentor variabilis,Dermacentor variabilis,1,0.5141711795908425,552
5,0,5042,ZOE-0100-02,Dermacentor variabilis,Dermacentor variabilis,1,0.544222129297155,552
5,0,5042,446-01,Dermacentor variabilis,Dermacentor variabilis,1,0.5381530577958179,552
5,0,5042,220-01,Dermacentor variabilis,Dermacentor variabilis,1,0.5474482662552714,552
5,0,5042,ZOE-0089-03,Dermacentor variabilis,Dermacentor variabilis,1,0.5416434807741768,552
5,0,5042,545-01,Dermacentor variabilis,Dermacentor variabilis,1,0.5638579108423971,552
5,0,5042,304-01,Dermacentor variabilis,Dermacentor variabilis,1,0.5358363587395045,552
5,0,5042,202-01,Dermacentor variabilis,Ixodes scapularis,0,0.30093580716954144,552
5,0,5042,467-01,Dermacentor variabilis,Dermacentor variabilis,1,0.5552152433765929,552
5,0,5042,408-01,Dermacentor variabilis,Dermacentor variabilis,1,0.5478299752772641,552
5,0,5042,466-01,Dermacentor variabilis,Dermacentor variabilis,1,0.5068905658602861,552
5,0,5042,ZOE-0077-02,Dermacentor variabilis,Dermacentor variabilis,1,0.48876893449593484,552
5,0,5042,180-02,Dermacentor variabilis,Haemaphysalis longicornis,0,0.2712670593940528,552
5,0,5042,146-01,Dermacentor variabilis,Dermacentor variabilis,1,0.5328472256736823,552
5,0,5042,ZOE-0016-03,Dermacentor variabilis,Dermacentor variabilis,1,0.46298097759902984,552
5,0,5042,255-01,Dermacentor variabilis,Dermacentor variabilis,1,0.5189337227748272,552
5,0,5042,438-01,Dermacentor variabilis,Dermacentor variabilis,1,0.5234915297000012,552
5,0,5042,346-01,Dermacentor variabilis,Dermacentor variabilis,1,0.44818178842864265,552
5,0,5042,126-01,Dermacentor variabilis,Dermacentor variabilis,1,0.4950827597942848,552
5,0,5042,54-06,Dermacentor variabilis,Dermacentor variabilis,1,0.4185236436525285,552
5,0,5042,364-01,Dermacentor variabilis,Dermacentor variabilis,1,0.5080835236469562,552
5,0,5042,66-04,Dermacentor variabilis,Dermacentor variabilis,1,0.3499049141633214,552
5,0,5042,ZOE-0020-01,Dermacentor variabilis,Dermacentor variabilis,1,0.4815008723336627,552
5,0,5042,ZOE-0096-06,Dermacentor variabilis,Dermacentor variabilis,1,0.48915203871608814,552
5,0,5042,43-03,Dermacentor variabilis,Amblyomma americanum,0,0.2959887229842333,552
5,0,5042,549-01,Dermacentor variabilis,Dermacentor variabilis,1,0.5154909114403152,552
5,0,5042,286-01,Dermacentor variabilis,Dermacentor variabilis,1,0.4784129027948677,552
5,0,5042,141-01,Dermacentor variabilis,Dermacentor variabilis,1,0.5417350829234886,552
5,0,5042,GLN-0087-05,Dermacentor variabilis,Dermacentor variabilis,1,0.47928832420478945,552
5,0,5042,54-10,Dermacentor variabilis,Dermacentor variabilis,1,0.44210604970164746,552
5,0,5042,517-01,Dermacentor variabilis,Dermacentor variabilis,1,0.555325806962151,552
5,0,5042,211-01,Dermacentor variabilis,Dermacentor variabilis,1,0.5524655376391328,552
5,0,5042,43-08,Dermacentor variabilis,Dermacentor variabilis,1,0.32526652767893766,552
5,0,5042,ZOE-0096-03,Dermacentor variabilis,Dermacentor variabilis,1,0.5542313778270005,552
5,0,5042,370-01,Dermacentor variabilis,Dermacentor variabilis,1,0.5125066922943328,552
5,0,5042,365-02,Dermacentor variabilis,Dermacentor variabilis,1,0.5533610889393407,552
5,0,5042,54-07,Dermacentor variabilis,Dermacentor variabilis,1,0.4453792502775262,552
5,0,5042,43-10,Dermacentor variabilis,Amblyomma americanum,0,0.29261274666803455,552
5,0,5042,180-01,Dermacentor variabilis,Dermacentor variabilis,1,0.5562246073349131,552
5,0,5042,46-05,Dermacentor variabilis,Dermacentor variabilis,1,0.39384463936568714,552
5,0,5042,239-01,Dermacentor variabilis,Dermacentor variabilis,1,0.5431459340170904,552
5,0,5042,100-01,Dermacentor variabilis,Dermacentor variabilis,1,0.42545182956310196,552
5,0,5042,524-01,Dermacentor variabilis,Dermacentor variabilis,1,0.49968680447188984,552
5,0,5042,418-01,Dermacentor variabilis,Dermacentor variabilis,1,0.5126737053681093,552
5,0,5042,485-01,Dermacentor variabilis,Dermacentor variabilis,1,0.5499430146640291,552
5,0,5042,557-01,Dermacentor variabilis,Dermacentor variabilis,1,0.5118894652888222,552
5,0,5042,356-01,Dermacentor variabilis,Dermacentor variabilis,1,0.5295281094317584,552
5,0,5042,254-01,Dermacentor variabilis,Dermacentor variabilis,1,0.44574626763472214,552
5,0,5042,365-01,Dermacentor variabilis,Dermacentor variabilis,1,0.5518298132107423,552
5,0,5042,293-01,Dermacentor variabilis,Dermacentor variabilis,1,0.552222789918355,552
5,0,5042,498-01,Dermacentor variabilis,Dermacentor variabilis,1,0.581380616872201,552
5,0,5042,258-01,Dermacentor variabilis,Dermacentor variabilis,1,0.3672227717470443,552
5,0,5042,485-02,Dermacentor variabilis,Dermacentor variabilis,1,0.5236372386314705,552
5,0,5042,ZOE-0096-05,Dermacentor variabilis,Dermacentor variabilis,1,0.5221713857339983,552
5,0,5042,357-01,Dermacentor variabilis,Dermacentor variabilis,1,0.5071472035113247,552
5,0,5042,174-01,Dermacentor variabilis,Dermacentor variabilis,1,0.49453541981134436,552
5,0,5042,204-01,Dermacentor variabilis,Dermacentor variabilis,1,0.535893518775716,552
5,0,5042,ZOE-0016-01,Dermacentor variabilis,Dermacentor variabilis,1,0.5353806675378489,552
5,0,5042,320-01,Dermacentor variabilis,Dermacentor variabilis,1,0.2765205907002989,552
5,0,5042,ZOE-0082-08,Dermacentor variabilis,Dermacentor variabilis,1,0.5702770780554277,552
5,0,5042,ZOE-0089-02,Dermacentor variabilis,Dermacentor variabilis,1,0.5534395135618417,552
5,0,5042,512-01,Dermacentor variabilis,Dermacentor variabilis,1,0.5116624050182222,552
5,0,5042,43-06,Dermacentor variabilis,Dermacentor variabilis,1,0.3060583388798272,552
5,0,5042,475-01,Dermacentor variabilis,Dermacentor variabilis,1,0.5205003845342653,552
5,0,5042,299-01,Dermacentor variabilis,Dermacentor variabilis,1,0.5416153749365359,552
5,0,5042,415-01,Dermacentor variabilis,Dermacentor variabilis,1,0.33427952602266586,552
5,0,5042,54-05,Dermacentor variabilis,Dermacentor variabilis,1,0.43592854020735394,552
5,0,5042,473-01,Dermacentor variabilis,Dermacentor variabilis,1,0.5269399192414795,552
5,0,5042,43-02,Dermacentor variabilis,Dermacentor variabilis,1,0.3014835504668414,552
5,0,5042,325-01,Dermacentor variabilis,Dermacentor variabilis,1,0.34840930264867614,552
5,0,5042,43-07,Dermacentor variabilis,Dermacentor variabilis,1,0.34783302417351114,552
5,0,5042,ZOE-0082-05,Dermacentor variabilis,Dermacentor variabilis,1,0.5364434623438881,552
5,0,5042,53-02,Haemaphysalis longicornis,Haemaphysalis longicornis,1,0.3307811642137764,552
5,0,5042,53-01,Haemaphysalis longicornis,Haemaphysalis longicornis,1,0.3413969561613187,552
5,0,5042,47-02,Haemaphysalis longicornis,Amblyomma americanum,0,0.31391545475059524,552
5,0,5042,53-04,Haemaphysalis longicornis,Haemaphysalis longicornis,1,0.3304232264937064,552
5,0,5042,51-01,Haemaphysalis longicornis,Amblyomma americanum,0,0.28972892405710116,552
5,0,5042,GLN-0087-11,Haemaphysalis longicornis,Haemaphysalis longicornis,1,0.3096716929608974,552
5,0,5042,OPL-0102-05,Haemaphysalis longicornis,Haemaphysalis longicornis,1,0.2872809446083403,552
5,0,5042,53-05,Haemaphysalis longicornis,Haemaphysalis longicornis,1,0.3353719360635251,552
5,0,5042,47-01,Haemaphysalis longicornis,Amblyomma americanum,0,0.34601619913917087,552
5,0,5042,OPL-0102-02,Haemaphysalis longicornis,Haemaphysalis longicornis,1,0.30522143829280873,552
5,0,5042,GLN-0087-13,Haemaphysalis longicornis,Haemaphysalis longicornis,1,0.3197833713799761,552
5,0,5042,OPL-0102-03,Haemaphysalis longicornis,Haemaphysalis longicornis,1,0.30546356756199333,552
5,0,5042,47-03,Haemaphysalis longicornis,Amblyomma americanum,0,0.3153813264728445,552
5,0,5042,GLN-0087-12,Haemaphysalis longicornis,Haemaphysalis longicornis,1,0.3334478199627345,552
5,0,5042,26-01,Haemaphysalis longicornis,Amblyomma americanum,0,0.33598938268832945,552
5,0,5042,52-01,Haemaphysalis longicornis,Haemaphysalis longicornis,1,0.3121267636855014,552
5,0,5042,OPL-0102-04,Haemaphysalis longicornis,Haemaphysalis longicornis,1,0.2871521880184937,552
5,0,5042,58-01,Haemaphysalis longicornis,Haemaphysalis longicornis,1,0.33818720504535943,552
5,0,5042,OPL-0098-01,Haemaphysalis longicornis,Haemaphysalis longicornis,1,0.323678534054114,552
5,0,5042,52-02,Haemaphysalis longicornis,Amblyomma americanum,0,0.3217468490546466,552
5,0,5042,21-01,Haemaphysalis longicornis,Amblyomma americanum,0,0.32248762894381033,552
5,0,5042,GLN-0087-14,Haemaphysalis longicornis,Haemaphysalis longicornis,1,0.3225476029257995,552
5,0,5042,62-03,Haemaphysalis longicornis,Haemaphysalis longicornis,1,0.35334779889777695,552
5,0,5042,62-01,Haemaphysalis longicornis,Haemaphysalis longicornis,1,0.3307717868150809,552
5,0,5042,29-02,Haemaphysalis longicornis,Amblyomma americanum,0,0.32526757323348393,552
5,0,5042,62-02,Haemaphysalis longicornis,Haemaphysalis longicornis,1,0.30236991760211146,552
5,0,5042,52-03,Haemaphysalis longicornis,Amblyomma americanum,0,0.32785357684308764,552
5,0,5042,29-01,Haemaphysalis longicornis,Amblyomma americanum,0,0.3560463517104591,552
5,0,5042,51-02,Haemaphysalis longicornis,Haemaphysalis longicornis,1,0.3436228301408868,552
5,0,5042,33-02,Haemaphysalis longicornis,Haemaphysalis longicornis,1,0.3243653941877085,552
5,0,5042,274-01,Ixodes scapularis,Ixodes scapularis,1,0.3279654172426403,552
5,0,5042,65-04,Ixodes scapularis,Ixodes scapularis,1,0.33956960024773475,552
5,0,5042,38-01,Ixodes scapularis,Ixodes scapularis,1,0.34277508994643285,552
5,0,5042,65-10,Ixodes scapularis,Ixodes scapularis,1,0.32308098758516424,552
5,0,5042,27-01,Ixodes scapularis,Ixodes scapularis,1,0.34094600804791814,552
5,0,5042,55-02,Ixodes scapularis,Ixodes scapularis,1,0.3082088847030663,552
5,0,5042,310-02,Ixodes scapularis,Ixodes scapularis,1,0.3235965491114488,552
5,0,5042,44-01,Ixodes scapularis,Amblyomma americanum,0,0.31267538451449844,552
5,0,5042,59-03,Ixodes scapularis,Ixodes scapularis,1,0.33183580707800747,552
5,0,5042,49-05,Ixodes scapularis,Ixodes scapularis,1,0.34737212371331616,552
5,0,5042,41-02,Ixodes scapularis,Ixodes scapularis,1,0.30980873797120906,552
5,0,5042,120-01,Ixodes scapularis,Ixodes scapularis,1,0.3538514208239122,552
5,0,5042,478-01,Ixodes scapularis,Ixodes scapularis,1,0.33352119578711875,552
5,0,5042,49-04,Ixodes scapularis,Ixodes scapularis,1,0.3194218290785029,552
5,0,5042,ZOE-0024-01,Ixodes scapularis,Haemaphysalis longicornis,0,0.3237021516722213,552
5,0,5042,426-01,Ixodes scapularis,Ixodes scapularis,1,0.3082672945591597,552
5,0,5042,284-01,Ixodes scapularis,Ixodes scapularis,1,0.33534624162523413,552
5,0,5042,43-13,Ixodes scapularis,Ixodes scapularis,1,0.3378997303251711,552
5,0,5042,182-01,Ixodes scapularis,Ixodes scapularis,1,0.3101509558602453,552
5,0,5042,561-01,Ixodes scapularis,Haemaphysalis longicornis,0,0.32532492821351144,552
5,0,5042,ZOE-0024-17,Ixodes scapularis,Ixodes scapularis,1,0.30885525864895846,552
5,0,5042,ZOE-0014-07,Ixodes scapularis,Ixodes scapularis,1,0.33446390078451155,552
5,0,5042,54-01,Ixodes scapularis,Ixodes scapularis,1,0.33393437902212536,552
5,0,5042,400-01,Ixodes scapularis,Ixodes scapularis,1,0.3420877047543446,552
5,0,5042,65-08,Ixodes scapularis,Ixodes scapularis,1,0.30767073911250564,552
5,0,5042,2315-01,Ixodes scapularis,Ixodes scapularis,1,0.3051232251700398,552
5,0,5042,55-01,Ixodes scapularis,Ixodes scapularis,1,0.31894048894495264,552
5,0,5042,ZOE-0024-20,Ixodes scapularis,Ixodes scapularis,1,0.3250214822365766,552
5,0,5042,178-01,Ixodes scapularis,Ixodes scapularis,1,0.3184934165165485,552
5,0,5042,ZOE-0024-09,Ixodes scapularis,Ixodes scapularis,1,0.3512639864533063,552
5,0,5042,68-01,Ixodes scapularis,Ixodes scapularis,1,0.3401716502777634,552
5,0,5042,561-02,Ixodes scapularis,Haemaphysalis longicornis,0,0.32425608467101713,552
5,0,5042,65-03,Ixodes scapularis,Ixodes scapularis,1,0.3249877678314069,552
5,0,5042,456-01,Ixodes scapularis,Ixodes scapularis,1,0.3221752725111032,552
5,0,5042,259-01,Ixodes scapularis,Ixodes scapularis,1,0.33434760612355413,552
5,0,5042,55-08,Ixodes scapularis,Haemaphysalis longicornis,0,0.3249093530359984,552
5,0,5042,307-01,Ixodes scapularis,Haemaphysalis longicornis,0,0.36999618638681264,552
5,0,5042,68-02,Ixodes scapularis,Ixodes scapularis,1,0.3385257893145735,552
5,0,5042,60-01,Ixodes scapularis,Ixodes scapularis,1,0.30922856080791966,552
5,0,5042,ZOE-0089-05,Ixodes scapularis,Ixodes scapularis,1,0.31948912641227517,552
5,0,5042,ZOE-0014-06,Ixodes scapularis,Ixodes scapularis,1,0.3149162444058386,552
5,0,5042,553-01,Ixodes scapularis,Ixodes scapularis,1,0.3382793503583071,552
5,0,5042,55-10,Ixodes scapularis,Ixodes scapularis,1,0.34629406181775024,552
5,0,5042,416-01,Ixodes scapularis,Ixodes scapularis,1,0.3141068109160931,552
5,0,5042,474-01,Ixodes scapularis,Ixodes scapularis,1,0.33074240940947036,552
5,0,5042,49-01,Ixodes scapularis,Ixodes scapularis,1,0.3234039749551757,552
5,0,5042,60-03,Ixodes scapularis,Ixodes scapularis,1,0.3125506034665716,552
5,0,5042,297-01,Ixodes scapularis,Ixodes scapularis,1,0.3248241157453449,552
5,0,5042,28-01,Ixodes scapularis,Ixodes scapularis,1,0.342696145269155,552
5,0,5042,41-05,Ixodes scapularis,Ixodes scapularis,1,0.3167572322707847,552
5,0,5042,ZOE-0079-02,Ixodes scapularis,Ixodes scapularis,1,0.30572589550059776,552
5,0,5042,529-01,Ixodes scapularis,Ixodes scapularis,1,0.31746786049560866,552
5,0,5042,65-02,Ixodes scapularis,Ixodes scapularis,1,0.334914612362754,552
5,0,5042,125-01,Ixodes scapularis,Ixodes scapularis,1,0.31915769610637634,552
5,0,5042,270-01,Ixodes scapularis,Ixodes scapularis,1,0.3311318237007984,552
5,0,5042,469-01,Ixodes scapularis,Ixodes scapularis,1,0.31128013691586737,552
5,0,5042,ZOE-0014-04,Ixodes scapularis,Ixodes scapularis,1,0.3110175845635677,552
5,0,5042,339-01,Ixodes scapularis,Ixodes scapularis,1,0.3004766997118442,552
5,0,5042,219-01,Ixodes scapularis,Ixodes scapularis,1,0.3286389237401803,552
5,0,5042,ZOE-0022-03,Ixodes scapularis,Ixodes scapularis,1,0.3252255874896479,552
5,0,5042,41-06,Ixodes scapularis,Ixodes scapularis,1,0.3456337454774543,552
5,0,5042,41-03,Ixodes scapularis,Ixodes scapularis,1,0.3395186840195153,552
5,0,5042,417-01,Ixodes scapularis,Ixodes scapularis,1,0.32604473789461275,552
5,0,5042,ZOE-0024-07,Ixodes scapularis,Ixodes scapularis,1,0.3694046493390599,552
5,0,5042,18-01,Ixodes scapularis,Ixodes scapularis,1,0.3353126356965365,552
5,0,5042,349-01,Ixodes scapularis,Ixodes scapularis,1,0.3239395601201971,552
5,0,5042,41-04,Ixodes scapularis,Ixodes scapularis,1,0.33821269004651006,552
5,0,5042,ZOE-0025-03,Ixodes scapularis,Haemaphysalis longicornis,0,0.35052422113147386,552
5,0,5042,156-01,Ixodes scapularis,Ixodes scapularis,1,0.30499350165408695,552
5,0,5042,ZOE-0022-02,Ixodes scapularis,Ixodes scapularis,1,0.33476072302953924,552
5,0,5042,65-01,Ixodes scapularis,Ixodes scapularis,1,0.32725222963655326,552
5,0,5042,ZOE-0025-01,Ixodes scapularis,Ixodes scapularis,1,0.35329853121453564,552
5,0,5042,ZOE-0024-06,Ixodes scapularis,Ixodes scapularis,1,0.313773283557419,552
5,0,5042,298-01,Ixodes scapularis,Ixodes scapularis,1,0.3221440645793237,552
5,0,5042,41-01,Ixodes scapularis,Ixodes scapularis,1,0.34511255268130375,552
5,0,5042,290-01,Ixodes scapularis,Ixodes scapularis,1,0.32461608821429755,552
5,0,5042,49-03,Ixodes scapularis,Ixodes scapularis,1,0.299079997922414,552
5,0,5042,ZOE-0079-03,Ixodes scapularis,Ixodes scapularis,1,0.3091224100306715,552
5,0,5042,ZOE-0070-01,Ixodes scapularis,Ixodes scapularis,1,0.3055732810729027,552
5,0,5042,355-01,Ixodes scapularis,Ixodes scapularis,1,0.3209002229572732,552
5,0,5042,464-01,Ixodes scapularis,Ixodes scapularis,1,0.3066962963871159,552
5,0,5042,358-01,Ixodes scapularis,Ixodes scapularis,1,0.3149914152383176,552
5,0,5042,323-01,Ixodes scapularis,Ixodes scapularis,1,0.3278172573680467,552
5,0,5042,ZOE-0101-02,Ixodes scapularis,Ixodes scapularis,1,0.3100016091873114,552
5,0,5042,ZOE-0013-09,Ixodes scapularis,Ixodes scapularis,1,0.31921198470061163,552
5,0,5042,ZOE-0026-04,Ixodes scapularis,Ixodes scapularis,1,0.3556846945540999,552
5,0,5042,334-01,Ixodes scapularis,Ixodes scapularis,1,0.3110744919222925,552
5,0,5042,45-04,Ixodes scapularis,Ixodes scapularis,1,0.33010167701660936,552
5,0,5042,411-01,Ixodes scapularis,Ixodes scapularis,1,0.3149175166624478,552
5,0,5042,65-07,Ixodes scapularis,Ixodes scapularis,1,0.33564925746615104,552
5,0,5042,416-02,Ixodes scapularis,Ixodes scapularis,1,0.31854245759370037,552
5,0,5042,45-03,Ixodes scapularis,Ixodes scapularis,1,0.3086018847982189,552
5,0,5042,330-01,Ixodes scapularis,Ixodes scapularis,1,0.3325546591683369,552
5,0,5042,23-01,Ixodes scapularis,Ixodes scapularis,1,0.34466361771504506,552
5,0,5042,60-02,Ixodes scapularis,Ixodes scapularis,1,0.31735815367469766,552
5,0,5042,ZOE-0024-21,Ixodes scapularis,Ixodes scapularis,1,0.3338987985132224,552
5,0,5042,124-01,Ixodes scapularis,Ixodes scapularis,1,0.3179493717194127,552
5,0,5042,59-02,Ixodes scapularis,Ixodes scapularis,1,0.31448179489955724,552
5,0,5042,273-01,Ixodes scapularis,Ixodes scapularis,1,0.3211893814314855,552
5,0,5042,27-02,Ixodes scapularis,Ixodes scapularis,1,0.35287111817884576,552
5,0,5042,ZOE-0024-19,Ixodes scapularis,Ixodes scapularis,1,0.31591812789265233,552
5,0,5042,102-01,Ixodes scapularis,Ixodes scapularis,1,0.30589356954500546,552
5,0,5042,65-09,Ixodes scapularis,Ixodes scapularis,1,0.31265385894713943,552
5,0,5042,187-01,Ixodes scapularis,Ixodes scapularis,1,0.31272574960816046,552
5,0,5042,503-01,Ixodes scapularis,Ixodes scapularis,1,0.32967588281796506,552
5,0,5042,296-01,Ixodes scapularis,Haemaphysalis longicornis,0,0.3106241854732954,552
5,0,5042,65-06,Ixodes scapularis,Ixodes scapularis,1,0.3484719883154045,552
5,0,5042,229-01,Ixodes scapularis,Ixodes scapularis,1,0.313114842115441,552
5,0,5042,49-02,Ixodes scapularis,Ixodes scapularis,1,0.35470496605852253,552
5,0,5042,ZOE-0013-04,Ixodes scapularis,Ixodes scapularis,1,0.36625453264115243,552
5,0,5042,35-03,Ixodes scapularis,Ixodes scapularis,1,0.33294976396089265,552
5,0,5042,ZOE-0026-02,Ixodes scapularis,Ixodes scapularis,1,0.34982677460324973,552
5,0,5042,ZOE-0024-15,Ixodes scapularis,Ixodes scapularis,1,0.35087280177805524,552
5,0,5042,157-01,Ixodes scapularis,Ixodes scapularis,1,0.33204536308136,552
5,0,5042,45-01,Ixodes scapularis,Ixodes scapularis,1,0.32595646620399976,552
5,0,5042,251-01,Ixodes scapularis,Ixodes scapularis,1,0.31588848894054206,552
5,0,5042,32-01,Ixodes scapularis,Ixodes scapularis,1,0.3197969611707959,552
5,0,5042,268-01,Ixodes scapularis,Ixodes scapularis,1,0.3260917089509049,552
5,0,5042,155-01,Ixodes scapularis,Ixodes scapularis,1,0.3028793740497574,552
5,0,5042,45-05,Ixodes scapularis,Ixodes scapularis,1,0.3331723456855225,552
5,0,5042,45-02,Ixodes scapularis,Ixodes scapularis,1,0.33848934959557775,552
5,0,5042,ZOE-0024-08,Ixodes scapularis,Ixodes scapularis,1,0.3408485400587007,552
5,0,5042,514-01,Ixodes scapularis,Ixodes scapularis,1,0.3246400604355465,552
5,0,5042,ZOE-0013-10,Ixodes scapularis,Ixodes scapularis,1,0.37562089627253525,552
5,0,5042,264-01,Ixodes scapularis,Ixodes scapularis,1,0.3342295126238605,552
5,0,5042,244-01,Ixodes scapularis,Ixodes scapularis,1,0.34199395704776375,552
5,0,5042,104-01,Ixodes scapularis,Haemaphysalis longicornis,0,0.34672490617481566,552
5,0,5042,221-01,Ixodes scapularis,Ixodes scapularis,1,0.3139280853799738,552
5,0,5042,ZOE-0026-01,Ixodes scapularis,Ixodes scapularis,1,0.34158114807169504,552
5,0,5042,65-05,Ixodes scapularis,Ixodes scapularis,1,0.3143873505658025,552
5,0,5042,25-01,Ixodes scapularis,Ixodes scapularis,1,0.32928962864237254,552
5,0,5042,205-01,Ixodes scapularis,Ixodes scapularis,1,0.3407360744263194,552
5,0,5042,ZOE-0024-11,Ixodes scapularis,Ixodes scapularis,1,0.3269599729005151,552
5,0,5042,358-02,Ixodes scapularis,Ixodes scapularis,1,0.33210191911684545,552
5,0,42,43-14,Amblyomma americanum,Amblyomma americanum,1,0.5154273700886325,552
5,0,42,ZOE-0096-02,Amblyomma americanum,Haemaphysalis longicornis,0,0.4321356644327878,552
5,0,42,37-02,Amblyomma americanum,Amblyomma americanum,1,0.41359877645655235,552
5,0,42,48-02,Amblyomma americanum,Amblyomma americanum,1,0.4299714866104487,552
5,0,42,42-02,Amblyomma americanum,Amblyomma americanum,1,0.47257848542342146,552
5,0,42,106-01,Dermacentor variabilis,Dermacentor variabilis,1,0.3909346389910949,552
5,0,42,424-01,Dermacentor variabilis,Dermacentor variabilis,1,0.892753043641854,552
5,0,42,462-02,Dermacentor variabilis,Haemaphysalis longicornis,0,0.41312540239806583,552
5,0,42,462-01,Dermacentor variabilis,Haemaphysalis longicornis,0,0.3480087476955668,552
5,0,42,479-01,Dermacentor variabilis,Dermacentor variabilis,1,0.7759671968452098,552
5,0,42,37-04,Haemaphysalis longicornis,Haemaphysalis longicornis,1,0.385509099960145,552
5,0,42,53-03,Haemaphysalis longicornis,Haemaphysalis longicornis,1,0.3117975126151228,552
5,0,42,563-01,Haemaphysalis longicornis,Amblyomma americanum,0,0.32609981633855284,552
5,0,42,GLN-0087-15,Haemaphysalis longicornis,Haemaphysalis longicornis,1,0.4030992428777839,552
5,0,42,36-02,Ixodes scapularis,Amblyomma americanum,0,0.32845684631744976,552
5,0,42,243-01,Ixodes scapularis,Ixodes scapularis,1,0.40579399775185787,552
5,0,42,250-01,Ixodes scapularis,Ixodes scapularis,1,0.6058798528723495,552
5,0,42,ZOE-0024-10,Ixodes scapularis,Ixodes scapularis,1,0.39733454140794133,552
5,0,42,ZOE-0013-11,Ixodes scapularis,Ixodes scapularis,1,0.7271363221960379,552
