sample_id,true_label,pred_label,pred_confidence,correct
414-01,Amblyomma americanum,Haemaphysalis longicornis,0.4235707569153689,0
61-02,Amblyomma americanum,Haemaphysalis longicornis,0.43057535980014977,0
43-12,Amblyomma americanum,Amblyomma americanum,0.39670117961897966,1
ZOE-0014-09,Amblyomma americanum,Amblyomma americanum,0.4016711831603266,1
ZOE-0079-06,Amblyomma americanum,Haemaphysalis longicornis,0.4194735150459218,0
405-01,Amblyomma americanum,Haemaphysalis longicornis,0.3076926052946576,0
ZOE-0014-12,Amblyomma americanum,Amblyomma americanum,0.37388816045248124,1
56-01,Amblyomma americanum,Haemaphysalis longicornis,0.32341755668218736,0
139-01,Amblyomma americanum,Haemaphysalis longicornis,0.4206920902749303,0
35-01,Amblyomma americanum,Amblyomma americanum,0.40809065586570015,1
427-01,Amblyomma americanum,Haemaphysalis longicornis,0.3006756189851875,0
43-11,Amblyomma americanum,Amblyomma americanum,0.3959333539052565,1
110-01,Amblyomma americanum,Haemaphysalis longicornis,0.32521311426716093,0
ZOE-0079-09,Amblyomma americanum,Haemaphysalis longicornis,0.32243141571526657,0
376-01,Amblyomma americanum,Haemaphysalis longicornis,0.4342781561282868,0
35-02,Amblyomma americanum,Ixodes scapularis,0.2815742886152224,0
67-02,Amblyomma americanum,Haemaphysalis longicornis,0.3339086800711205,0
ZOE-0079-04,Amblyomma americanum,Haemaphysalis longicornis,0.32630849098127174,0
501-01,Amblyomma americanum,Haemaphysalis longicornis,0.3535868383393571,0
39-01,Amblyomma americanum,Amblyomma americanum,0.2817405684411846,1
ZOE-0014-18,Amblyomma americanum,Amblyomma americanum,0.4037573312761333,1
569-01,Amblyomma americanum,Haemaphysalis longicornis,0.3615961371178414,0
150-01,Amblyomma americanum,Amblyomma americanum,0.48048437529879773,1
419-01,Amblyomma americanum,Haemaphysalis longicornis,0.37807362070353834,0
252-01,Amblyomma americanum,Haemaphysalis longicornis,0.41709085313890726,0
43-16,Amblyomma americanum,Amblyomma americanum,0.34061078333594447,1
342-01,Amblyomma americanum,Amblyomma americanum,0.2681629447852149,1
56-06,Amblyomma americanum,Amblyomma americanum,0.34558977761767257,1
40-01,Amblyomma americanum,Amblyomma americanum,0.49366730275599585,1
34-01,Amblyomma americanum,Amblyomma americanum,0.2960080133403389,1
528-01,Amblyomma americanum,Haemaphysalis longicornis,0.4104026741848789,0
40-02,Amblyomma americanum,Amblyomma americanum,0.4116743327990172,1
ZOE-0014-08,Amblyomma americanum,Haemaphysalis longicornis,0.41181140437042946,0
19-01,Amblyomma americanum,Amblyomma americanum,0.38631467036240513,1
31-01,Amblyomma americanum,Amblyomma americanum,0.437935258168373,1
362-01,Amblyomma americanum,Haemaphysalis longicornis,0.4158388416073286,0
37-01,Amblyomma americanum,Haemaphysalis longicornis,0.4098475349404955,0
288-01,Amblyomma americanum,Amblyomma americanum,0.4125515169214719,1
69-01,Amblyomma americanum,Amblyomma americanum,0.38363035178568855,1
241-01,Amblyomma americanum,Haemaphysalis longicornis,0.40701693878468964,0
ZOE-0079-08,Amblyomma americanum,Haemaphysalis longicornis,0.28533745651513304,0
201-01,Amblyomma americanum,Haemaphysalis longicornis,0.33079671411468453,0
43-14,Amblyomma americanum,Amblyomma americanum,0.341969123425434,1
ZOE-0014-20,Amblyomma americanum,Haemaphysalis longicornis,0.3567933563003975,0
19-02,Amblyomma americanum,Haemaphysalis longicornis,0.44585857803962115,0
311-01,Amblyomma americanum,Haemaphysalis longicornis,0.41111708709832434,0
69-02,Amblyomma americanum,Haemaphysalis longicornis,0.2883353566122682,0
428-01,Amblyomma americanum,Haemaphysalis longicornis,0.27202609533843375,0
ZOE-0096-02,Amblyomma americanum,Haemaphysalis longicornis,0.4228339131368985,0
61-03,Amblyomma americanum,Amblyomma americanum,0.4400311516176029,1
195-01,Amblyomma americanum,Haemaphysalis longicornis,0.3805363777295134,0
465-01,Amblyomma americanum,Haemaphysalis longicornis,0.29408184732616616,0
37-02,Amblyomma americanum,Amblyomma americanum,0.30324582350217527,1
50-01,Amblyomma americanum,Haemaphysalis longicornis,0.3686777872276028,0
276-01,Amblyomma americanum,Amblyomma americanum,0.3901796344546572,1
ZOE-0014-02,Amblyomma americanum,Amblyomma americanum,0.35947194549392825,1
363-01,Amblyomma americanum,Haemaphysalis longicornis,0.37680212872593727,0
ZOE-0082-01,Amblyomma americanum,Amblyomma americanum,0.38687111457293394,1
ZOE-0014-14,Amblyomma americanum,Haemaphysalis longicornis,0.3527277987222869,0
43-15,Amblyomma americanum,Amblyomma americanum,0.32791119730269297,1
61-01,Amblyomma americanum,Haemaphysalis longicornis,0.41878243253911673,0
337-01,Amblyomma americanum,Haemaphysalis longicornis,0.2965891726056562,0
143-01,Amblyomma americanum,Amblyomma americanum,0.42268569842356524,1
50-02,Amblyomma americanum,Amblyomma americanum,0.3926728173701644,1
ZOE-0014-01,Amblyomma americanum,Amblyomma americanum,0.38846951596458557,1
56-05,Amblyomma americanum,Amblyomma americanum,0.3300311719080799,1
ZOE-0079-05,Amblyomma americanum,Haemaphysalis longicornis,0.43889421841718745,0
57-01,Amblyomma americanum,Haemaphysalis longicornis,0.3279675517738342,0
ZOE-0013-02,Amblyomma americanum,Amblyomma americanum,0.42035853313336835,1
37-03,Amblyomma americanum,Amblyomma americanum,0.38490745967173895,1
48-02,Amblyomma americanum,Amblyomma americanum,0.3805158020637923,1
56-04,Amblyomma americanum,Haemaphysalis longicornis,0.32606760884486935,0
ZOE-0014-11,Amblyomma americanum,Amblyomma americanum,0.36919573657152993,1
31-03,Amblyomma americanum,Haemaphysalis longicornis,0.3130483517151084,0
56-02,Amblyomma americanum,Amblyomma americanum,0.34250719669875973,1
31-02,Amblyomma americanum,Haemaphysalis longicornis,0.34193484401450763,0
ZOE-0014-17,Amblyomma americanum,Amblyomma americanum,0.38098928421775635,1
ZOE-0014-05,Amblyomma americanum,Amblyomma americanum,0.38924367917039626,1
ZOE-0014-03,Amblyomma americanum,Haemaphysalis longicornis,0.43069645701095943,0
50-03,Amblyomma americanum,Amblyomma americanum,0.39809114137106566,1
234-01,Amblyomma americanum,Haemaphysalis longicornis,0.34338439523572933,0
342-02,Amblyomma americanum,Haemaphysalis longicornis,0.313173879075965,0
ZOE-0079-07,Amblyomma americanum,Amblyomma americanum,0.37553157224664707,1
191-01,Amblyomma americanum,Haemaphysalis longicornis,0.31214824065928704,0
ZOE-0014-13,Amblyomma americanum,Haemaphysalis longicornis,0.35984941368020207,0
GLN-0087-07,Amblyomma maculatum,Amblyomma maculatum,0.5786206568314033,1
215-01,Dermacentor variabilis,Haemaphysalis longicornis,0.31383482664246976,0
444-01,Dermacentor variabilis,Dermacentor variabilis,0.6984847679474416,1
549-01,Dermacentor variabilis,Dermacentor variabilis,0.4141267283200472,1
154-01,Dermacentor variabilis,Dermacentor variabilis,0.3320149540752897,1
413-01,Dermacentor variabilis,Haemaphysalis longicornis,0.27319736875989564,0
197-01,Dermacentor variabilis,Dermacentor variabilis,0.4341275721620771,1
214-01,Dermacentor variabilis,Dermacentor variabilis,0.6165319681395034,1
ZOE-0084-01,Dermacentor variabilis,Dermacentor variabilis,0.7135580666260347,1
43-06,Dermacentor variabilis,Dermacentor variabilis,0.4401668426048795,1
46-04,Dermacentor variabilis,Dermacentor variabilis,0.7380808064718508,1
ZOE-0089-03,Dermacentor variabilis,Dermacentor variabilis,0.4805891428510544,1
188-01,Dermacentor variabilis,Dermacentor variabilis,0.3424173451582335,1
310-01,Dermacentor variabilis,Haemaphysalis longicornis,0.2730095833951318,0
365-01,Dermacentor variabilis,Dermacentor variabilis,0.6296397246683694,1
556-01,Dermacentor variabilis,Dermacentor variabilis,0.5789636449453999,1
418-01,Dermacentor variabilis,Dermacentor variabilis,0.7219820097795854,1
24-01,Dermacentor variabilis,Dermacentor variabilis,0.23675393292699842,1
180-02,Dermacentor variabilis,Haemaphysalis longicornis,0.2927622716790577,0
ZOE-0100-02,Dermacentor variabilis,Dermacentor variabilis,0.5415705929920113,1
364-01,Dermacentor variabilis,Dermacentor variabilis,0.646678112823863,1
479-01,Dermacentor variabilis,Dermacentor variabilis,0.46506176030579166,1
ZOE-0090-04,Dermacentor variabilis,Dermacentor variabilis,0.34010669480487615,1
429-01,Dermacentor variabilis,Dermacentor variabilis,0.6900360597618169,1
467-01,Dermacentor variabilis,Dermacentor variabilis,0.6642357465030718,1
240-01,Dermacentor variabilis,Dermacentor variabilis,0.6374176395195018,1
524-01,Dermacentor variabilis,Dermacentor variabilis,0.6723879667126668,1
322-01,Dermacentor variabilis,Dermacentor variabilis,0.702293940544159,1
332-01,Dermacentor variabilis,Dermacentor variabilis,0.7397308272221725,1
496-01,Dermacentor variabilis,Dermacentor variabilis,0.5765285400581296,1
54-04,Dermacentor variabilis,Dermacentor variabilis,0.6456128690987548,1
ZOE-0096-06,Dermacentor variabilis,Dermacentor variabilis,0.33101798728660337,1
202-01,Dermacentor variabilis,Ixodes scapularis,0.3511742886879329,0
128-01,Dermacentor variabilis,Dermacentor variabilis,0.7565330734520408,1
526-01,Dermacentor variabilis,Dermacentor variabilis,0.8014028984268109,1
142-01,Dermacentor variabilis,Dermacentor variabilis,0.5482577588854172,1
522-01,Dermacentor variabilis,Dermacentor variabilis,0.738806998379971,1
43-01,Dermacentor variabilis,Ixodes scapularis,0.24792900430886303,0
185-01,Dermacentor variabilis,Dermacentor variabilis,0.6361017876682091,1
226-01,Dermacentor variabilis,Dermacentor variabilis,0.5958031821499129,1
439-01,Dermacentor variabilis,Dermacentor variabilis,0.42709055476353947,1
331-01,Dermacentor variabilis,Dermacentor variabilis,0.6710879684129252,1
196-01,Dermacentor variabilis,Dermacentor variabilis,0.6644524239855154,1
235-01,Dermacentor variabilis,Dermacentor variabilis,0.6202563896498465,1
473-01,Dermacentor variabilis,Dermacentor variabilis,0.47607057219755816,1
293-01,Dermacentor variabilis,Dermacentor variabilis,0.6263117446381791,1
442-01,Dermacentor variabilis,Dermacentor variabilis,0.7090414331095419,1
63-01,Dermacentor variabilis,Dermacentor variabilis,0.4380922485577291,1
ZOE-0090-01,Dermacentor variabilis,Dermacentor variabilis,0.8059567024307821,1
534-01,Dermacentor variabilis,Ixodes scapularis,0.2683882841008452,0
ZOE-0096-04,Dermacentor variabilis,Dermacentor variabilis,0.7541419457771235,1
279-01,Dermacentor variabilis,Dermacentor variabilis,0.7223835370649042,1
506-01,Dermacentor variabilis,Dermacentor variabilis,0.6927584580337377,1
ZOE-0088-02,Dermacentor variabilis,Dermacentor variabilis,0.4230827263885202,1
174-01,Dermacentor variabilis,Dermacentor variabilis,0.779587393728562,1
GLN-0087-01,Dermacentor variabilis,Dermacentor variabilis,0.6539196111172374,1
ZOE-0084-05,Dermacentor variabilis,Haemaphysalis longicornis,0.26883379965270804,0
ZOE-0021-03,Dermacentor variabilis,Haemaphysalis longicornis,0.31734069214071337,0
ZOE-0077-02,Dermacentor variabilis,Dermacentor variabilis,0.665814215882344,1
277-01,Dermacentor variabilis,Dermacentor variabilis,0.6957710737592149,1
207-01,Dermacentor variabilis,Dermacentor variabilis,0.727584436388025,1
286-01,Dermacentor variabilis,Dermacentor variabilis,0.6002366664425737,1
100-01,Dermacentor variabilis,Dermacentor variabilis,0.6627051679357316,1
ZOE-0082-07,Dermacentor variabilis,Haemaphysalis longicornis,0.27918359072330995,0
ZOE-0096-07,Dermacentor variabilis,Dermacentor variabilis,0.5268922328242611,1
56-03,Dermacentor variabilis,Dermacentor variabilis,0.5261491111571,1
66-04,Dermacentor variabilis,Dermacentor variabilis,0.53540850930179,1
30-01,Dermacentor variabilis,Dermacentor variabilis,0.40570173051883934,1
199-01,Dermacentor variabilis,Dermacentor variabilis,0.4212128909380342,1
166-01,Dermacentor variabilis,Dermacentor variabilis,0.7804307451963148,1
204-01,Dermacentor variabilis,Dermacentor variabilis,0.7385019070153133,1
164-01,Dermacentor variabilis,Dermacentor variabilis,0.43138126776527763,1
555-01,Dermacentor variabilis,Dermacentor variabilis,0.7395542772854466,1
ZOE-0077-01,Dermacentor variabilis,Dermacentor variabilis,0.6948208602645111,1
ZOE-0021-02,Dermacentor variabilis,Dermacentor variabilis,0.46227820341065795,1
54-11,Dermacentor variabilis,Dermacentor variabilis,0.7180654936677213,1
54-08,Dermacentor variabilis,Dermacentor variabilis,0.5030996369314642,1
ZOE-0079-10,Dermacentor variabilis,Dermacentor variabilis,0.7511608215465703,1
ZOE-0100-04,Dermacentor variabilis,Dermacentor variabilis,0.47449099475488304,1
54-05,Dermacentor variabilis,Dermacentor variabilis,0.7589218866182847,1
107-01,Dermacentor variabilis,Dermacentor variabilis,0.26784111724031323,1
ZOE-0089-02,Dermacentor variabilis,Dermacentor variabilis,0.6085002171540449,1
43-08,Dermacentor variabilis,Dermacentor variabilis,0.5326741827796576,1
402-01,Dermacentor variabilis,Dermacentor variabilis,0.5692712285207909,1
GLN-0087-02,Dermacentor variabilis,Dermacentor variabilis,0.7868731369243975,1
357-01,Dermacentor variabilis,Dermacentor variabilis,0.8577934341607075,1
448-01,Dermacentor variabilis,Dermacentor variabilis,0.710133809378734,1
372-01,Dermacentor variabilis,Dermacentor variabilis,0.5405773772449586,1
256-01,Dermacentor variabilis,Dermacentor variabilis,0.4481714784902839,1
140-01,Dermacentor variabilis,Dermacentor variabilis,0.7486515108382418,1
325-01,Dermacentor variabilis,Dermacentor variabilis,0.4854387455408712,1
146-01,Dermacentor variabilis,Dermacentor variabilis,0.6041585974849389,1
145-01,Dermacentor variabilis,Dermacentor variabilis,0.5793489457456233,1
370-01,Dermacentor variabilis,Dermacentor variabilis,0.2951688963066445,1
532-01,Dermacentor variabilis,Dermacentor variabilis,0.5668202209721851,1
ZOE-0016-03,Dermacentor variabilis,Dermacentor variabilis,0.6115203913356472,1
308-01,Dermacentor variabilis,Dermacentor variabilis,0.6417745646211546,1
158-01,Dermacentor variabilis,Dermacentor variabilis,0.47408818184310664,1
434-01,Dermacentor variabilis,Dermacentor variabilis,0.2579709088222944,1
320-01,Dermacentor variabilis,Ixodes scapularis,0.3632893950405227,0
169-01,Dermacentor variabilis,Dermacentor variabilis,0.7370735512514757,1
361-01,Dermacentor variabilis,Haemaphysalis longicornis,0.2861024070718755,0
446-01,Dermacentor variabilis,Dermacentor variabilis,0.6455844437654001,1
258-01,Dermacentor variabilis,Dermacentor variabilis,0.2466007439319095,1
485-01,Dermacentor variabilis,Dermacentor variabilis,0.7247116207770636,1
494-01,Dermacentor variabilis,Dermacentor variabilis,0.591087085019757,1
43-04,Dermacentor variabilis,Dermacentor variabilis,0.28592742349721845,1
137-01,Dermacentor variabilis,Dermacentor variabilis,0.4608139234942101,1
317-01,Dermacentor variabilis,Dermacentor variabilis,0.7645608973116295,1
ZOE-0090-05,Dermacentor variabilis,Dermacentor variabilis,0.8051608402244025,1
ZOE-0082-04,Dermacentor variabilis,Dermacentor variabilis,0.5663470527548754,1
179-01,Dermacentor variabilis,Dermacentor variabilis,0.4751933147771613,1
462-02,Dermacentor variabilis,Haemaphysalis longicornis,0.2854722626142786,0
225-02,Dermacentor variabilis,Dermacentor variabilis,0.5645200300328622,1
176-01,Dermacentor variabilis,Dermacentor variabilis,0.30184612587919846,1
206-01,Dermacentor variabilis,Dermacentor variabilis,0.7155694145219748,1
54-07,Dermacentor variabilis,Dermacentor variabilis,0.7022760142644595,1
36-01,Dermacentor variabilis,Haemaphysalis longicornis,0.2960446058307639,0
560-01,Dermacentor variabilis,Haemaphysalis longicornis,0.32546382141598035,0
66-05,Dermacentor variabilis,Dermacentor variabilis,0.5781204059449497,1
194-01,Dermacentor variabilis,Dermacentor variabilis,0.7014571113428669,1
299-01,Dermacentor variabilis,Dermacentor variabilis,0.7430207739484727,1
519-01,Dermacentor variabilis,Dermacentor variabilis,0.5304734701146027,1
66-06,Dermacentor variabilis,Dermacentor variabilis,0.6255669272919782,1
224-01,Dermacentor variabilis,Haemaphysalis longicornis,0.2988757044155153,0
566-02,Dermacentor variabilis,Dermacentor variabilis,0.6842660335019507,1
238-01,Dermacentor variabilis,Dermacentor variabilis,0.7413999043509569,1
538-01,Dermacentor variabilis,Dermacentor variabilis,0.6380988825106143,1
54-10,Dermacentor variabilis,Dermacentor variabilis,0.749229786876639,1
545-01,Dermacentor variabilis,Dermacentor variabilis,0.3767799919600141,1
144-01,Dermacentor variabilis,Dermacentor variabilis,0.39854884365262,1
407-01,Dermacentor variabilis,Haemaphysalis longicornis,0.2600401655757852,0
450-01,Dermacentor variabilis,Dermacentor variabilis,0.7472661204616123,1
461-01,Dermacentor variabilis,Dermacentor variabilis,0.4851508324517308,1
129-01,Dermacentor variabilis,Dermacentor variabilis,0.5877551743116118,1
522-02,Dermacentor variabilis,Dermacentor variabilis,0.7511650616575021,1
445-01,Dermacentor variabilis,Dermacentor variabilis,0.7246555446221852,1
ZOE-0078-02,Dermacentor variabilis,Dermacentor variabilis,0.7807593992309776,1
ZOE-0089-04,Dermacentor variabilis,Dermacentor variabilis,0.7138067583327005,1
550-01,Dermacentor variabilis,Dermacentor variabilis,0.3663306631257056,1
43-02,Dermacentor variabilis,Dermacentor variabilis,0.4380540152351442,1
ZOE-0096-03,Dermacentor variabilis,Dermacentor variabilis,0.5715868183196962,1
126-01,Dermacentor variabilis,Dermacentor variabilis,0.27878875594773106,1
147-01,Dermacentor variabilis,Dermacentor variabilis,0.7890560425104433,1
148-01,Dermacentor variabilis,Dermacentor variabilis,0.7765745135175605,1
ZOE-0097-01,Dermacentor variabilis,Haemaphysalis longicornis,0.24598443868207306,0
ZOE-0089-01,Dermacentor variabilis,Dermacentor variabilis,0.8490292156708572,1
517-01,Dermacentor variabilis,Dermacentor variabilis,0.5325212245133826,1
180-01,Dermacentor variabilis,Dermacentor variabilis,0.5700443488255067,1
262-01,Dermacentor variabilis,Dermacentor variabilis,0.3114504566800236,1
46-05,Dermacentor variabilis,Dermacentor variabilis,0.6617561523044495,1
GLN-0087-04,Dermacentor variabilis,Dermacentor variabilis,0.7857138864961739,1
265-01,Dermacentor variabilis,Dermacentor variabilis,0.7063712252592672,1
30-02,Dermacentor variabilis,Dermacentor variabilis,0.48661400028864255,1
43-05,Dermacentor variabilis,Dermacentor variabilis,0.45950860076406774,1
107-02,Dermacentor variabilis,Dermacentor variabilis,0.5908796488616995,1
304-01,Dermacentor variabilis,Dermacentor variabilis,0.6251375513447326,1
473-02,Dermacentor variabilis,Dermacentor variabilis,0.6023884475002204,1
138-01,Dermacentor variabilis,Dermacentor variabilis,0.6129046761363666,1
292-01,Dermacentor variabilis,Dermacentor variabilis,0.6832451157103642,1
37-07,Dermacentor variabilis,Dermacentor variabilis,0.26975663719430626,1
162-01,Dermacentor variabilis,Dermacentor variabilis,0.6692926541499964,1
ZOE-0045-02,Dermacentor variabilis,Dermacentor variabilis,0.2342087747293177,1
430-01,Dermacentor variabilis,Dermacentor variabilis,0.47842376562380934,1
190-01,Dermacentor variabilis,Dermacentor variabilis,0.7211918691874106,1
360-01,Dermacentor variabilis,Dermacentor variabilis,0.36469301658027053,1
46-02,Dermacentor variabilis,Dermacentor variabilis,0.6771070726937045,1
149-01,Dermacentor variabilis,Haemaphysalis longicornis,0.3245704764633476,0
97-01,Dermacentor variabilis,Dermacentor variabilis,0.41734371518685115,1
106-01,Dermacentor variabilis,Dermacentor variabilis,0.4500947939655479,1
ZOE-0095-01,Dermacentor variabilis,Dermacentor variabilis,0.48816813261151687,1
210-01,Dermacentor variabilis,Dermacentor variabilis,0.8146284482642984,1
GLN-0087-05,Dermacentor variabilis,Dermacentor variabilis,0.6209936117943792,1
260-01,Dermacentor variabilis,Dermacentor variabilis,0.6963963660985506,1
557-01,Dermacentor variabilis,Dermacentor variabilis,0.4372047933322644,1
ZOE-0095-04,Dermacentor variabilis,Dermacentor variabilis,0.42870633778042333,1
ZOE-0078-03,Dermacentor variabilis,Dermacentor variabilis,0.5477466877272877,1
225-01,Dermacentor variabilis,Dermacentor variabilis,0.49009814371232086,1
303-01,Dermacentor variabilis,Dermacentor variabilis,0.4916410001137588,1
184-01,Dermacentor variabilis,Dermacentor variabilis,0.5786145981885918,1
117-01,Dermacentor variabilis,Dermacentor variabilis,0.5090989063355943,1
415-01,Dermacentor variabilis,Dermacentor variabilis,0.27854854089946196,1
43-09,Dermacentor variabilis,Dermacentor variabilis,0.47042581635212755,1
483-01,Dermacentor variabilis,Dermacentor variabilis,0.3174127804950032,1
ZOE-0083-01,Dermacentor variabilis,Dermacentor variabilis,0.7419499397884946,1
ZOE-0084-06,Dermacentor variabilis,Dermacentor variabilis,0.6367368409263573,1
ZOE-0091-01,Dermacentor variabilis,Haemaphysalis longicornis,0.2779267065295032,0
452-01,Dermacentor variabilis,Dermacentor variabilis,0.6487134576043612,1
255-01,Dermacentor variabilis,Dermacentor variabilis,0.7604311974446301,1
295-01,Dermacentor variabilis,Dermacentor variabilis,0.7203763518801196,1
ZOE-0020-02,Dermacentor variabilis,Haemaphysalis longicornis,0.3089937947366989,0
54-09,Dermacentor variabilis,Dermacentor variabilis,0.5770590657768273,1
66-03,Dermacentor variabilis,Dermacentor variabilis,0.6025413435065525,1
34-02,Dermacentor variabilis,Dermacentor variabilis,0.4556279208078938,1
470-01,Dermacentor variabilis,Dermacentor variabilis,0.48596909111729236,1
ZOE-0016-02,Dermacentor variabilis,Haemaphysalis longicornis,0.2896128311288902,0
328-01,Dermacentor variabilis,Dermacentor variabilis,0.7845016468772827,1
66-08,Dermacentor variabilis,Dermacentor variabilis,0.31187294908073615,1
438-01,Dermacentor variabilis,Dermacentor variabilis,0.538955882917472,1
254-01,Dermacentor variabilis,Dermacentor variabilis,0.2735114862634895,1
356-01,Dermacentor variabilis,Dermacentor variabilis,0.7403510771994374,1
43-07,Dermacentor variabilis,Dermacentor variabilis,0.5790391350407607,1
508-02,Dermacentor variabilis,Dermacentor variabilis,0.620119422773685,1
159-01,Dermacentor variabilis,Dermacentor variabilis,0.7221936792987929,1
131-01,Dermacentor variabilis,Dermacentor variabilis,0.6005693618584138,1
66-07,Dermacentor variabilis,Dermacentor variabilis,0.4368466641080512,1
443-01,Dermacentor variabilis,Dermacentor variabilis,0.2566327260537382,1
512-01,Dermacentor variabilis,Dermacentor variabilis,0.5898092683297854,1
ZOE-0084-04,Dermacentor variabilis,Dermacentor variabilis,0.290323516251635,1
ZOE-0082-02,Dermacentor variabilis,Dermacentor variabilis,0.5899164695223305,1
486-01,Dermacentor variabilis,Dermacentor variabilis,0.5800119943005186,1
425-01,Dermacentor variabilis,Dermacentor variabilis,0.6797508293879451,1
123-01,Dermacentor variabilis,Dermacentor variabilis,0.581687651587523,1
ZOE-0091-02,Dermacentor variabilis,Dermacentor variabilis,0.5875367040867144,1
312-01,Dermacentor variabilis,Dermacentor variabilis,0.7095623442344978,1
152-01,Dermacentor variabilis,Dermacentor variabilis,0.6852297870648315,1
ZOE-0082-05,Dermacentor variabilis,Dermacentor variabilis,0.5902589272516943,1
536-01,Dermacentor variabilis,Dermacentor variabilis,0.5421888681717081,1
ZOE-0101-01,Dermacentor variabilis,Dermacentor variabilis,0.6087059784307857,1
167-01,Dermacentor variabilis,Dermacentor variabilis,0.3837968578769933,1
408-01,Dermacentor variabilis,Dermacentor variabilis,0.7416384636231846,1
37-05,Dermacentor variabilis,Haemaphysalis longicornis,0.2905332659855003,0
116-01,Dermacentor variabilis,Dermacentor variabilis,0.5522373671587536,1
248-01,Dermacentor variabilis,Dermacentor variabilis,0.5021783729111643,1
GLN-0087-03,Dermacentor variabilis,Dermacentor variabilis,0.6308915085258944,1
424-01,Dermacentor variabilis,Dermacentor variabilis,0.8038084589534035,1
43-10,Dermacentor variabilis,Haemaphysalis longicornis,0.2540385295184306,0
ZOE-0082-08,Dermacentor variabilis,Dermacentor variabilis,0.6736401571952403,1
172-01,Dermacentor variabilis,Haemaphysalis longicornis,0.2953390378769517,0
ZOE-0088-01,Dermacentor variabilis,Dermacentor variabilis,0.7448233541364411,1
509-01,Dermacentor variabilis,Dermacentor variabilis,0.6163751785666733,1
287-01,Dermacentor variabilis,Dermacentor variabilis,0.47775818550709226,1
ZOE-0020-01,Dermacentor variabilis,Dermacentor variabilis,0.45206633551462505,1
132-01,Dermacentor variabilis,Dermacentor variabilis,0.34132873741569747,1
365-02,Dermacentor variabilis,Dermacentor variabilis,0.5685579056910122,1
70-01,Dermacentor variabilis,Dermacentor variabilis,0.5694969456226634,1
218-01,Dermacentor variabilis,Haemaphysalis longicornis,0.30644386480226526,0
508-01,Dermacentor variabilis,Dermacentor variabilis,0.6314274416966391,1
ZOE-0021-01,Dermacentor variabilis,Haemaphysalis longicornis,0.3234780457951544,0
435-01,Dermacentor variabilis,Dermacentor variabilis,0.6900360597618169,1
37-06,Dermacentor variabilis,Dermacentor variabilis,0.33572890627728247,1
546-01,Dermacentor variabilis,Dermacentor variabilis,0.5568301571968134,1
ZOE-0096-05,Dermacentor variabilis,Dermacentor variabilis,0.27932502832665906,1
209-01,Dermacentor variabilis,Dermacentor variabilis,0.5596854606085828,1
329-01,Dermacentor variabilis,Dermacentor variabilis,0.2826511566492631,1
523-01,Dermacentor variabilis,Dermacentor variabilis,0.7777395813771475,1
ZOE-0089-06,Dermacentor variabilis,Dermacentor variabilis,0.6457088133832141,1
475-01,Dermacentor variabilis,Dermacentor variabilis,0.7908475086645932,1
359-01,Dermacentor variabilis,Dermacentor variabilis,0.7946761288992941,1
462-01,Dermacentor variabilis,Amblyomma maculatum,0.267774335566676,0
22-01,Dermacentor variabilis,Dermacentor variabilis,0.4140076271347551,1
351-01,Dermacentor variabilis,Dermacentor variabilis,0.7325726191543718,1
66-01,Dermacentor variabilis,Dermacentor variabilis,0.3908378426883124,1
119-01,Dermacentor variabilis,Dermacentor variabilis,0.5552833491655852,1
208-01,Dermacentor variabilis,Dermacentor variabilis,0.6112701324009873,1
513-01,Dermacentor variabilis,Dermacentor variabilis,0.238437334724193,1
353-01,Dermacentor variabilis,Dermacentor variabilis,0.7834055577049869,1
192-01,Dermacentor variabilis,Dermacentor variabilis,0.5490255546971979,1
ZOE-0084-02,Dermacentor variabilis,Dermacentor variabilis,0.5912052496128364,1
ZOE-0016-01,Dermacentor variabilis,Dermacentor variabilis,0.6397935237144045,1
179-02,Dermacentor variabilis,Dermacentor variabilis,0.5320636072812651,1
ZOE-0082-03,Dermacentor variabilis,Dermacentor variabilis,0.7243013654679578,1
20-01,Dermacentor variabilis,Haemaphysalis longicornis,0.29955197770652975,0
54-03,Dermacentor variabilis,Dermacentor variabilis,0.732196680494896,1
531-01,Dermacentor variabilis,Haemaphysalis longicornis,0.2939125003825792,0
466-01,Dermacentor variabilis,Dermacentor variabilis,0.4049723713011548,1
261-01,Dermacentor variabilis,Haemaphysalis longicornis,0.2703335983671164,0
135-01,Dermacentor variabilis,Dermacentor variabilis,0.3169810875659293,1
200-01,Dermacentor variabilis,Dermacentor variabilis,0.6568930037557307,1
487-01,Dermacentor variabilis,Dermacentor variabilis,0.7346972175477752,1
537-01,Dermacentor variabilis,Dermacentor variabilis,0.7360819669184139,1
324-01,Dermacentor variabilis,Haemaphysalis longicornis,0.3135605275564237,0
46-01,Dermacentor variabilis,Dermacentor variabilis,0.7418584322032413,1
ZOE-0096-01,Dermacentor variabilis,Haemaphysalis longicornis,0.3120135932103454,0
409-01,Dermacentor variabilis,Dermacentor variabilis,0.2577437284458406,1
352-01,Dermacentor variabilis,Dermacentor variabilis,0.6108511615319452,1
ZOE-0090-03,Dermacentor variabilis,Dermacentor variabilis,0.7296064832640737,1
66-02,Dermacentor variabilis,Dermacentor variabilis,0.49953374909746256,1
438-02,Dermacentor variabilis,Dermacentor variabilis,0.573164491635574,1
566-01,Dermacentor variabilis,Dermacentor variabilis,0.5796966374069147,1
347-01,Dermacentor variabilis,Dermacentor variabilis,0.5606410484526224,1
346-01,Dermacentor variabilis,Dermacentor variabilis,0.7033961993609849,1
166-02,Dermacentor variabilis,Dermacentor variabilis,0.7079131779996998,1
ZOE-0095-03,Dermacentor variabilis,Dermacentor variabilis,0.6362690486406992,1
115-01,Dermacentor variabilis,Dermacentor variabilis,0.4829583321413247,1
ZOE-0079-01,Dermacentor variabilis,Dermacentor variabilis,0.6468017449840202,1
485-02,Dermacentor variabilis,Dermacentor variabilis,0.678662138091435,1
ZOE-0014-16,Dermacentor variabilis,Dermacentor variabilis,0.5560355430593463,1
239-01,Dermacentor variabilis,Dermacentor variabilis,0.5973756771134286,1
141-01,Dermacentor variabilis,Dermacentor variabilis,0.6921099062422216,1
ZOE-0100-03,Dermacentor variabilis,Dermacentor variabilis,0.3143489764469927,1
43-03,Dermacentor variabilis,Dermacentor variabilis,0.2524693452863961,1
133-02,Dermacentor variabilis,Dermacentor variabilis,0.23570099919223172,1
499-01,Dermacentor variabilis,Dermacentor variabilis,0.6684990105905204,1
189-01,Dermacentor variabilis,Dermacentor variabilis,0.37181680612571305,1
46-03,Dermacentor variabilis,Dermacentor variabilis,0.7201669486890353,1
ZOE-0100-01,Dermacentor variabilis,Dermacentor variabilis,0.7070229710446256,1
54-02,Dermacentor variabilis,Dermacentor variabilis,0.43574604024877217,1
54-06,Dermacentor variabilis,Dermacentor variabilis,0.7451507400838072,1
211-01,Dermacentor variabilis,Dermacentor variabilis,0.6754221385630347,1
220-01,Dermacentor variabilis,Dermacentor variabilis,0.7680015920841475,1
498-01,Dermacentor variabilis,Dermacentor variabilis,0.6310088831420824,1
ZOE-0095-02,Dermacentor variabilis,Dermacentor variabilis,0.6147700511134958,1
515-01,Dermacentor variabilis,Dermacentor variabilis,0.7104381779785957,1
37-04,Haemaphysalis longicornis,Haemaphysalis longicornis,0.3009379409845424,1
563-01,Haemaphysalis longicornis,Haemaphysalis longicornis,0.3229799992695512,1
GLN-0087-15,Haemaphysalis longicornis,Haemaphysalis longicornis,0.30111414346704135,1
53-01,Haemaphysalis longicornis,Haemaphysalis longicornis,0.35710507312966844,1
47-01,Haemaphysalis longicornis,Haemaphysalis longicornis,0.34694115378515467,1
OPL-0102-04,Haemaphysalis longicornis,Haemaphysalis longicornis,0.30327704642459463,1
29-01,Haemaphysalis longicornis,Haemaphysalis longicornis,0.32480751784409,1
62-01,Haemaphysalis longicornis,Haemaphysalis longicornis,0.28633704406976795,1
OPL-0098-01,Haemaphysalis longicornis,Haemaphysalis longicornis,0.30509536151485195,1
OPL-0102-02,Haemaphysalis longicornis,Haemaphysalis longicornis,0.30931839471054823,1
21-01,Haemaphysalis longicornis,Haemaphysalis longicornis,0.28313164685530795,1
33-02,Haemaphysalis longicornis,Haemaphysalis longicornis,0.3270112187235066,1
62-03,Haemaphysalis longicornis,Haemaphysalis longicornis,0.3116881184481409,1
53-05,Haemaphysalis longicornis,Haemaphysalis longicornis,0.33351629253338716,1
OPL-0102-01,Haemaphysalis longicornis,Haemaphysalis longicornis,0.29468621528730504,1
51-01,Haemaphysalis longicornis,Ixodes scapularis,0.25985038582479403,0
47-02,Haemaphysalis longicornis,Haemaphysalis longicornis,0.2909767106047268,1
OPL-0102-05,Haemaphysalis longicornis,Haemaphysalis longicornis,0.3044539442016109,1
GLN-0087-12,Haemaphysalis longicornis,Haemaphysalis longicornis,0.4005873463716951,1
53-03,Haemaphysalis longicornis,Haemaphysalis longicornis,0.32572922129879894,1
51-02,Haemaphysalis longicornis,Haemaphysalis longicornis,0.2886097158062915,1
GLN-0087-13,Haemaphysalis longicornis,Haemaphysalis longicornis,0.45924495713458846,1
OPL-0102-03,Haemaphysalis longicornis,Haemaphysalis longicornis,0.30669673528807717,1
52-01,Haemaphysalis longicornis,Haemaphysalis longicornis,0.4016072221352019,1
47-03,Haemaphysalis longicornis,Haemaphysalis longicornis,0.3231869903680077,1
58-01,Haemaphysalis longicornis,Haemaphysalis longicornis,0.310673747087271,1
26-01,Haemaphysalis longicornis,Haemaphysalis longicornis,0.31877455392835696,1
62-02,Haemaphysalis longicornis,Haemaphysalis longicornis,0.3846865268077325,1
53-04,Haemaphysalis longicornis,Haemaphysalis longicornis,0.32766206399461617,1
52-02,Haemaphysalis longicornis,Haemaphysalis longicornis,0.4224124726170515,1
244-01,Ixodes scapularis,Ixodes scapularis,0.6011068718558196,1
55-10,Ixodes scapularis,Ixodes scapularis,0.7590623218111181,1
65-01,Ixodes scapularis,Ixodes scapularis,0.7111834189061899,1
45-03,Ixodes scapularis,Ixodes scapularis,0.5802909737240596,1
264-01,Ixodes scapularis,Ixodes scapularis,0.7264570365829842,1
ZOE-0024-21,Ixodes scapularis,Ixodes scapularis,0.6387714353429007,1
45-02,Ixodes scapularis,Ixodes scapularis,0.8432713649962156,1
ZOE-0024-15,Ixodes scapularis,Ixodes scapularis,0.6990277333073076,1
60-01,Ixodes scapularis,Ixodes scapularis,0.6902645910905865,1
296-01,Ixodes scapularis,Haemaphysalis longicornis,0.33458981256044473,0
ZOE-0025-03,Ixodes scapularis,Haemaphysalis longicornis,0.31582128327305053,0
49-05,Ixodes scapularis,Ixodes scapularis,0.8486016946960409,1
38-01,Ixodes scapularis,Ixodes scapularis,0.7315367986582062,1
ZOE-0013-11,Ixodes scapularis,Ixodes scapularis,0.528546362572373,1
221-01,Ixodes scapularis,Ixodes scapularis,0.6471138489286065,1
41-04,Ixodes scapularis,Ixodes scapularis,0.866756278551462,1
469-01,Ixodes scapularis,Haemaphysalis longicornis,0.3112748155353462,0
125-01,Ixodes scapularis,Ixodes scapularis,0.37945827385162934,1
25-01,Ixodes scapularis,Ixodes scapularis,0.8384850674075349,1
ZOE-0014-07,Ixodes scapularis,Ixodes scapularis,0.622117607293804,1
23-01,Ixodes scapularis,Ixodes scapularis,0.6306210130684564,1
45-05,Ixodes scapularis,Ixodes scapularis,0.8203170477852221,1
35-03,Ixodes scapularis,Ixodes scapularis,0.5727956307477288,1
411-01,Ixodes scapularis,Ixodes scapularis,0.7011262603716618,1
ZOE-0079-03,Ixodes scapularis,Ixodes scapularis,0.5553455925867542,1
124-01,Ixodes scapularis,Ixodes scapularis,0.5160808530283526,1
65-08,Ixodes scapularis,Ixodes scapularis,0.5312024150192535,1
65-10,Ixodes scapularis,Ixodes scapularis,0.7786904656732936,1
205-01,Ixodes scapularis,Haemaphysalis longicornis,0.29364041895046494,0
270-01,Ixodes scapularis,Ixodes scapularis,0.7546262724583147,1
187-01,Ixodes scapularis,Ixodes scapularis,0.4409074002778133,1
65-07,Ixodes scapularis,Ixodes scapularis,0.8277592830609399,1
ZOE-0024-10,Ixodes scapularis,Ixodes scapularis,0.566462566682564,1
60-03,Ixodes scapularis,Ixodes scapularis,0.6960414783758322,1
18-01,Ixodes scapularis,Ixodes scapularis,0.7742369024430474,1
65-02,Ixodes scapularis,Ixodes scapularis,0.7969951306311825,1
274-01,Ixodes scapularis,Ixodes scapularis,0.5938575216180245,1
41-01,Ixodes scapularis,Ixodes scapularis,0.7764611205550163,1
65-09,Ixodes scapularis,Ixodes scapularis,0.6458896253759386,1
284-01,Ixodes scapularis,Ixodes scapularis,0.4579793658895873,1
55-01,Ixodes scapularis,Ixodes scapularis,0.5019842631900959,1
229-01,Ixodes scapularis,Ixodes scapularis,0.5039767439561466,1
28-01,Ixodes scapularis,Ixodes scapularis,0.7939508603233777,1
49-04,Ixodes scapularis,Ixodes scapularis,0.7888835807304306,1
41-06,Ixodes scapularis,Ixodes scapularis,0.8884543047597548,1
561-01,Ixodes scapularis,Haemaphysalis longicornis,0.32393109163428624,0
358-01,Ixodes scapularis,Ixodes scapularis,0.8098686050291163,1
334-01,Ixodes scapularis,Ixodes scapularis,0.5435369769778879,1
49-03,Ixodes scapularis,Ixodes scapularis,0.4598440092543893,1
120-01,Ixodes scapularis,Ixodes scapularis,0.7489993412201359,1
273-01,Ixodes scapularis,Ixodes scapularis,0.47366740064421636,1
27-02,Ixodes scapularis,Ixodes scapularis,0.8338388704383812,1
251-01,Ixodes scapularis,Ixodes scapularis,0.5738629631748252,1
417-01,Ixodes scapularis,Ixodes scapularis,0.5285733565248574,1
102-01,Ixodes scapularis,Ixodes scapularis,0.5763166062617905,1
68-01,Ixodes scapularis,Ixodes scapularis,0.8101835493656449,1
ZOE-0024-20,Ixodes scapularis,Ixodes scapularis,0.6462839195179926,1
65-05,Ixodes scapularis,Ixodes scapularis,0.6740805229911397,1
561-02,Ixodes scapularis,Haemaphysalis longicornis,0.32412101482564504,0
ZOE-0024-09,Ixodes scapularis,Ixodes scapularis,0.681102024815268,1
ZOE-0024-17,Ixodes scapularis,Ixodes scapularis,0.4639909127451509,1
ZOE-0024-06,Ixodes scapularis,Ixodes scapularis,0.5387755090249229,1
290-01,Ixodes scapularis,Ixodes scapularis,0.37184172985890684,1
49-01,Ixodes scapularis,Ixodes scapularis,0.7992724808393391,1
55-02,Ixodes scapularis,Ixodes scapularis,0.6118397251019186,1
464-01,Ixodes scapularis,Ixodes scapularis,0.43083684248619264,1
529-01,Ixodes scapularis,Ixodes scapularis,0.6416920298092393,1
416-01,Ixodes scapularis,Ixodes scapularis,0.6320653512696754,1
307-01,Ixodes scapularis,Haemaphysalis longicornis,0.2876732193965538,0
ZOE-0079-02,Ixodes scapularis,Ixodes scapularis,0.5827295001522242,1
330-01,Ixodes scapularis,Ixodes scapularis,0.31146683530707076,1
ZOE-0014-04,Ixodes scapularis,Ixodes scapularis,0.5822914715060538,1
250-01,Ixodes scapularis,Ixodes scapularis,0.6160023482203014,1
553-01,Ixodes scapularis,Ixodes scapularis,0.33147139605809284,1
ZOE-0024-19,Ixodes scapularis,Ixodes scapularis,0.6928775762455206,1
55-08,Ixodes scapularis,Haemaphysalis longicornis,0.31073158486616703,0
ZOE-0014-06,Ixodes scapularis,Ixodes scapularis,0.4840001399928103,1
298-01,Ixodes scapularis,Ixodes scapularis,0.7442713776213491,1
310-02,Ixodes scapularis,Ixodes scapularis,0.2818948592039882,1
44-01,Ixodes scapularis,Ixodes scapularis,0.40456704970247603,1
41-05,Ixodes scapularis,Ixodes scapularis,0.8007682611869678,1
259-01,Ixodes scapularis,Ixodes scapularis,0.7679487508988647,1
ZOE-0026-04,Ixodes scapularis,Ixodes scapularis,0.8222656248772408,1
32-01,Ixodes scapularis,Ixodes scapularis,0.6086340496761216,1
355-01,Ixodes scapularis,Haemaphysalis longicornis,0.3062947968057242,0
514-01,Ixodes scapularis,Haemaphysalis longicornis,0.32441963597737034,0
41-02,Ixodes scapularis,Ixodes scapularis,0.8038592255781405,1
2315-01,Ixodes scapularis,Ixodes scapularis,0.5886053890559436,1
49-02,Ixodes scapularis,Ixodes scapularis,0.8691446070965184,1
45-01,Ixodes scapularis,Ixodes scapularis,0.7896925209663413,1
65-06,Ixodes scapularis,Ixodes scapularis,0.8088199744693834,1
ZOE-0101-02,Ixodes scapularis,Haemaphysalis longicornis,0.28819127284626705,0
503-01,Ixodes scapularis,Haemaphysalis longicornis,0.2991134504716864,0
ZOE-0013-10,Ixodes scapularis,Ixodes scapularis,0.6254489612226873,1
27-01,Ixodes scapularis,Ixodes scapularis,0.8264816065592671,1
65-04,Ixodes scapularis,Ixodes scapularis,0.8428237157442817,1
182-01,Ixodes scapularis,Ixodes scapularis,0.4696648031025433,1
ZOE-0013-09,Ixodes scapularis,Ixodes scapularis,0.6350280080152634,1
339-01,Ixodes scapularis,Ixodes scapularis,0.5351834280848612,1
ZOE-0070-01,Ixodes scapularis,Ixodes scapularis,0.2667121792993038,1
68-02,Ixodes scapularis,Ixodes scapularis,0.8070105164989398,1
178-01,Ixodes scapularis,Ixodes scapularis,0.2830769056332359,1
323-01,Ixodes scapularis,Ixodes scapularis,0.6136899407090666,1
243-01,Ixodes scapularis,Haemaphysalis longicornis,0.30946506287662856,0
ZOE-0089-05,Ixodes scapularis,Ixodes scapularis,0.31545982022143254,1
59-02,Ixodes scapularis,Ixodes scapularis,0.7107444241656822,1
104-01,Ixodes scapularis,Ixodes scapularis,0.39575030333316413,1
ZOE-0025-01,Ixodes scapularis,Ixodes scapularis,0.6913159804844176,1
474-01,Ixodes scapularis,Ixodes scapularis,0.60107000329256,1
478-01,Ixodes scapularis,Ixodes scapularis,0.5754577734779346,1
60-02,Ixodes scapularis,Ixodes scapularis,0.7522835602750332,1
416-02,Ixodes scapularis,Ixodes scapularis,0.7881884691042937,1
426-01,Ixodes scapularis,Ixodes scapularis,0.5952605537429041,1
219-01,Ixodes scapularis,Ixodes scapularis,0.576219201847862,1
59-03,Ixodes scapularis,Ixodes scapularis,0.7942835080103358,1
ZOE-0026-02,Ixodes scapularis,Ixodes scapularis,0.6120011998066899,1
ZOE-0022-02,Ixodes scapularis,Ixodes scapularis,0.5634752797901138,1
400-01,Ixodes scapularis,Ixodes scapularis,0.667918856829626,1
349-01,Ixodes scapularis,Ixodes scapularis,0.6382359282409182,1
ZOE-0022-03,Ixodes scapularis,Haemaphysalis longicornis,0.31299613802685095,0
ZOE-0013-04,Ixodes scapularis,Ixodes scapularis,0.6962609941887143,1
ZOE-0024-01,Ixodes scapularis,Haemaphysalis longicornis,0.29489783405160835,0
358-02,Ixodes scapularis,Ixodes scapularis,0.34069810052456534,1
54-01,Ixodes scapularis,Ixodes scapularis,0.8130896304263633,1
ZOE-0024-08,Ixodes scapularis,Ixodes scapularis,0.6832800845791203,1
297-01,Ixodes scapularis,Ixodes scapularis,0.3873993388701661,1
ZOE-0024-07,Ixodes scapularis,Ixodes scapularis,0.7763230724146167,1
157-01,Ixodes scapularis,Ixodes scapularis,0.7479853067406739,1
155-01,Ixodes scapularis,Ixodes scapularis,0.2822837073656544,1
43-13,Ixodes scapularis,Ixodes scapularis,0.5292306993733754,1
ZOE-0026-01,Ixodes scapularis,Ixodes scapularis,0.7614170014704464,1
65-03,Ixodes scapularis,Ixodes scapularis,0.7075872086591162,1
456-01,Ixodes scapularis,Ixodes scapularis,0.513376144721124,1
ZOE-0024-11,Ixodes scapularis,Ixodes scapularis,0.7074218902358929,1
